"File","SHA256","A_match","B_match"
"AFE_Channel_1.SchDoc","EB2A1D0CE890068189BC24991DD7D6BD5708AFDE893962B5B0EA2F9DB65C8C15","True","True"
"AFE_Channel_2.SchDoc","1593DFD627B4924361C0F661553AFA645E96C8058D597121D7931C18020070D4","True","True"
"AFE_Channel_3.SchDoc","21951B7C23C33F718DF10518F3E7A9272AD998FAC39A5F55E8E099BED5C6D533","True","True"
"AFE_Channel_4.SchDoc","7F36A0EC00FC4897558EDFCF7B66F56EFB214867ACEC10479D50304858542A01","True","True"
"AFE_Channel_5.SchDoc","914ABF7E1DC92600F0F8F362115A9BDC9B8533B41919B93C50503027E7DE0390","True","True"
"Analog_Shared.SchDoc","7575EAA7E7D32439EC831452E50A439024DF99CF132B8D3F50F2B44CB6B93146","True","True"
"EMG_MainBoard_Layout.OutJob","C0D66389FF9072AA9BF49E7CF7936B1B1ACCA00180167FC15D50138A5A54A689","True","True"
"EMG_MainBoard_Layout.PcbDoc","4AF4DDE32EC841FD66151380CB2B9B1D23048DCEEDF9BFB749D8FAA71ECBF015","True","True"
"EMG_MainBoard_Layout.PrjPcb","51F2271BD6AFE3028FB3F196E572150FC22CF7A79DBA21AFFDA8EA54E261BE63","True","True"
"EMG_MainBoard_Layout.PrjPcbStructure","546B94A5EFD9E8EB82676BD4E33CBC86BA445D4D171FFBC34815444DE29BDCBB","True","True"
"MCU_sheet.SchDoc","4FDF4FDDD32FD5E4F4E05AD0A3F26BBA04C6C7306BA399B04A9FBEB74F155430","True","True"
"Power_tree_design.SchDoc","372CC696B494AA57471F76AFF14AFB2B74CAEF634109C263202F2C3E1CB1A47C","True","True"
"checkpoints\01_UNROUTED_PLACEMENT.PcbDoc","F1755D3793C3ADA7CB6FBF8CBA60C5C72F0669B56111617E33301CB3CDD332A9","True","True"
"checkpoints\02_UNROUTED_REFINED_PLACEMENT.PcbDoc","51334806258B860B98742340EA3FD356B3787254943C8668B9229D0FF6740A6E","True","True"
"Libraries\EMG_AD8237_R3.PcbLib","1108A3AA43FA153DDD274DB6EC42E4853B5CA66B0D12666B5E6311AAA9668FFF","True","True"
"Libraries\EMG_Controlled_R5.SchLib","5892D392FF5E0C3EA6D0F581A18821EAB5D8FA7B5B2E1D2C7A9B9CB8474A48EB","True","True"
"Libraries\EMG_Crystal_R5.PcbLib","9CC73ACE8E634B5C1BD0EB9D9F377CE3717ECA963FA9AFA3567056E0833567B8","True","True"
"Libraries\EMG_DRL_Controlled.PcbLib","42E894A70E6A6D6BE0E2962DCA2EC710C3A464592B5218627D7FEF1BFFFD226C","True","True"
"Libraries\EMG_DRL_Controlled.SchLib","809FF153E9B3ED8A914EB76FF69493482626A3DD6CEB44CA41D36ADF62DCD04D","True","True"
"Libraries\EMG_DRL_Controlled_R2.PcbLib","B4FDD46E32F6AA39348220356CF52D45CC53AB5859DB4CC9FDBBDF8A2160E4A2","True","True"
"Libraries\EMG_DRL_Controlled_R3.PcbLib","4286EF8F164011DC606693046615E789D90D1160F28CB1EEA80E24E6AAF43FFA","True","True"
"Libraries\EMG_DRL_C_R4.PcbLib","68DEECD8BC886A15A3232CA7FA46947B94F81FB9C8963906B75986A343F686B3","True","True"
"Libraries\EMG_DRL_R_R4.PcbLib","4969697E5AC746C561404F3796E65FC9655F6C93655F9FFE4E615A79C591D22B","True","True"
"Libraries\EMG_DRL_U_R4.PcbLib","D4D9A7FF0A71D54869C1CD83673FD43B0E629B0BF25E8C2403E48424DAA759DE","True","True"
"Libraries\EMG_Frozen_Placed_R4.SchLib","6A2F2C9789326292C9C6F655FD66CEE9DB79233A8E85DD4077B1EF8DAD5F22FC","True","True"
"Libraries\EMG_MainBoard_Placement_Frozen_20260924.SchLib","185BC457B6C2A23461096DF808F800C20DDC35025BA7BD706373C7C78ED87F03","True","True"
"Libraries\EMG_Remote_NTC_Terminals.PcbLib","C65646FF0376553E1A806D4B1C8D3CB2C54B057746A8D86EE20AB6C81D42E480","True","True"
"Libraries\FrozenFootprints\0402WGF1001TCE_0.pcblib","5F28FDE18800FBEDB237147130F55E3BCC5DE25671F7EC49D98BB12894CEE008","True","True"
"Libraries\FrozenFootprints\0402WGF3300TCE_0.pcblib","C2B068D7C0A970AF8E188D0057053E3BEDA26FBD2ABF06F8D8E9180584C09CD4","True","True"
"Libraries\FrozenFootprints\0603WAF2205T5E_0.pcblib","E804D20691835E6E910362FE67501BAC360DAB5CD9155963C3A1190E50494768","True","True"
"Libraries\FrozenFootprints\0603WAF4992T5E_0.pcblib","52830836FBF6FC9736634E93836789B49A819CC5F790F2817A71C799FD9146FC","True","True"
"Libraries\FrozenFootprints\1CBBEC27-AD79-48E8-A701-2E235EA9F8F2_FP-AC0402-IPC_A.PcbLib","955BBDBDC94D14A241DA527C1B1F5A2F890E63A1594EB7B3020F4B53E0790196","True","True"
"Libraries\FrozenFootprints\2B8210F7-5455-4644-979C-D7D0D217EEB4_FP-RC0402-0_4-IPC_A.PcbLib","5A5D15CC60D07678FD8297543AEE5C51FF0C34E42B027713AE352312B65A7833","True","True"
"Libraries\FrozenFootprints\2E7254C8-59E0-43F9-ABB3-713B229FF2F1_CAPC1005X55X25LL05T10.PcbLib","B68A53B72605355976A9708EF39257F0D3C44893995378D9B4D6012F49A6852F","True","True"
"Libraries\FrozenFootprints\37A995D1-DA80-4C84-BCF6-31F59D376AC2_FP-318-08-IPC_B.PcbLib","5548A42FD5AD4DBC3F88693BDB47DCE87E3CF9CD4595FC6D2D9C573B5A7B572D","True","True"
"Libraries\FrozenFootprints\3CC89DB5-6984-43B7-8501-EF32E845BDBA_FP-AT0402-IPC_A.PcbLib","CB125F779148B69898EFC545C1D0F042BBADC0695D3681154A189BD1BB2C4AB8","True","True"
"Libraries\FrozenFootprints\3EB15388-1759-44FF-BAE1-1F0823F3E8F1_RESC1005X40X25NL05T10.PcbLib","E0C354FC756CB218047D071974E48B6A1EF3FC303ED6C760F070B14701663862","True","True"
"Libraries\FrozenFootprints\45C21C89-16FD-4743-99D5-BE7C796D208F_FP-SOD323-CA-MFG.PcbLib","245367E7DF5248FE63D11CBC3CD4F02F8109AFD93DD140F8CB8820AEEDEAC2C2","True","True"
"Libraries\FrozenFootprints\46E5B6C0-52D2-4F38-862C-679C4EE84A1B_FP-AC0402-MFG.PcbLib","ABC3781BD5DAC14249D58A0ACDA74FC8289BCF24E419CAF4D6089E18BE9A011E","True","True"
"Libraries\FrozenFootprints\5021_0.pcblib","4D1E8EF42AD170822024134F8DD5C18352FF4018B94FBBE0F8969854DA7BF08F","True","True"
"Libraries\FrozenFootprints\65C1111B-6B34-43D4-A771-7B0D0C42AE37_FP-CRCW0402-e3-IPC_B.PcbLib","85159B337AF8409F53C99BF3E23552732DA185D06CD9FC3664BABEB34AD25222","True","True"
"Libraries\FrozenFootprints\763A7EFC-D1AC-41FC-861F-90DBA274E34D_FP-GRM155-0_15-IPC_A.PcbLib","677AC9C304C6825858F17D6D06BB00A2C730E22C906C572B00405BB8DA5549C2","True","True"
"Libraries\FrozenFootprints\799007F4-6CCC-4692-897B-9164B654F9CD_FP-DBV0005A-IPC_C.PcbLib","B1BAD6302618CE46A314E04BAB1D064589FD0E7EA63447A51135FE606243FFAE","True","True"
"Libraries\FrozenFootprints\7D606042-220B-45EE-95DD-CA1A974E4C0D_FP-AC0402-MFG.PcbLib","9F867AB122B33C5D3DDC743A5191A2D00475C0EBDDB5C2155E4B91754B2CB670","True","True"
"Libraries\FrozenFootprints\8654DD41-BF37-4DC5-AC5C-924E3A02F56E_FP-103AT-2-MFG.PcbLib","3D8C56792F7EE1537D71480EAE9BCD7BC4B45E68C0179FB098DFAB320BAE48F4","True","True"
"Libraries\FrozenFootprints\936D640C-6583-4BC1-90EC-E059FB2B465D_FP-GCM21B-0_2-e0_2_0_7-MFG.PcbLib","398AEE8A48917CB6510E6F2C94B4C12DB8BE1D4E9D6BAD42A4660D4D62FD7771","True","True"
"Libraries\FrozenFootprints\96DF66F8-B997-472F-A885-42BCAAE661B2_FP-GRM155-0_05-IPC_C.PcbLib","FD508EBE2667429C16727B194E4E2F3D8AC629113E048F861E56C434F4D2F72B","True","True"
"Libraries\FrozenFootprints\987105EF-01FA-4198-A59F-44D3B68BB40E_CAPC2013X135X45ML10T25.PcbLib","87389B66220DBBCBF8D683D5F44ED64E0F600DDBFF50A8B08A43F6B425862FDC","True","True"
"Libraries\FrozenFootprints\9A3BC7AA-5BFE-4103-83F7-76F281EFC21D_RESC1005X40X25LL05T05.PcbLib","48A52DA8FDA988A52B3038DEE4A90F99996C533FED48AC74512B04FEF629D81B","True","True"
"Libraries\FrozenFootprints\ADDD786E-880E-4859-B2C3-CD7A0A6A9F96_LT-TS8-8-TSOT-23_V.PcbLib","059BA75845D2426E4BFB5FEC6CCE43BA3E639955385B521759B88910B190641F","True","True"
"Libraries\FrozenFootprints\B876F212-A29A-4983-9BB8-539D1BA2EBA1_FP-RT0402-MFG.PcbLib","204B0A29E61BFB717DA66C28E1DB70BFC08EB90651A551CB3781E838F5C282DD","True","True"
"Libraries\FrozenFootprints\BAV199_0.pcblib","9877F7926AE5DE4274585308D622B8DF9731F5BFDCEE4D5BA86E065BA3338E71","True","True"
"Libraries\FrozenFootprints\BK13C06-10DS_2-0.35V_895__0.pcblib","08FB00FE1D2BEC67109796AA63D0778F445AA5AEE6C91E62351D66BEE6B97F20","True","True"
"Libraries\FrozenFootprints\C3796861-3712-47DF-AA44-4C1CD1021AF7_FP-CC0402-MFG.PcbLib","23D80B975351DDCEBF49CB9A26C27DACDC51F479128D8B823D54B81D701AA869","True","True"
"Libraries\FrozenFootprints\C53EA0CA-0507-449B-AA9E-0712004E71D5_FP-GRM219-0_2-0_1-IPC_A.PcbLib","5C5EEF8B762FC774394616956CA743DA18F4B4D16AF030B9484A176A608AF41A","True","True"
"Libraries\FrozenFootprints\CEF93338-31F0-4C64-85B6-F650E0BB75E3_TSSOP-ST14_N.PcbLib","CCD23331A4523DDF4BCBC566033EEA3BE17D601BA8A211138231D31173C5B227","True","True"
"Libraries\FrozenFootprints\CL21A475KOFNNNE_0.pcblib","FBB58DC9D3A42E141F1767028DA3CE63D1BA1E7A7C366FC59A3776818CF935C4","True","True"
"Libraries\FrozenFootprints\D3F9B43C-7553-417F-9DE9-81F21DD543C4_RESC1005X40X25ML05T10.PcbLib","075097D4077CBE84580D3A64DD73F4362036FF61B9E9D6FAAF1BF34C29CEDE33","True","True"
"Libraries\FrozenFootprints\DB04E9CC-B2FF-43A3-BDC5-6EF387B10263_FP-GRM155-0_05-MFG.PcbLib","8B019DC76BD1564A23469C7FBC6791C506E6D19A55124C3697C3C1535C34A859","True","True"
"Libraries\FrozenFootprints\E8847AB5-6F42-426A-8B44-B46A8033A4A6_RGT0016C_V.PcbLib","4DE1C3C1C4F59349C93E5E799FAADC72F366E93CB07AF6DF7F86E2D471772925","True","True"
"Libraries\FrozenFootprints\EMG_AD8237_R3.PcbLib","8570E826B3CEAD1839C9315739FB4EE4237A50977B6822F2C4CF0D48B60EE612","True","True"
"Libraries\FrozenFootprints\ERA2AEB680X_0.pcblib","1AAF81016CA197A1534DA8DFB841045CF163AEAE8EAA28A523562122055634BA","True","True"
"Libraries\FrozenFootprints\ERA2ARB103X_0.pcblib","2A7D9DAE98E07CDE1C24DBC1E164217638DEB0E0538430B74D145DEB84984032","True","True"
"Libraries\FrozenFootprints\ERJ2RKF22R0X_0.pcblib","02B64F21EEAB6CF3C1F50EB36571B04D71FF4E2965ABE86ABF0F1036C8463BE7","True","True"
"Libraries\FrozenFootprints\F49AD27E-DF89-41E7-B4E0-151C9F468E9A_FP-DFE21CC_EL-MFG.PcbLib","125CDAB90475D873EFFB6853513D7A8CB6C209B54584F7CEE52DC5C95CEEBCE7","True","True"
"Libraries\FrozenFootprints\FDB5B680-CA48-4746-AF97-B60256D4C87B_DBV0006A_L.PcbLib","038C28516C9E85FD2C95B03716549E03EAD706561D64679765DF7A49537B75F6","True","True"
"Libraries\FrozenFootprints\GRM1555C1H392GE01D_0.pcblib","DDB9A71D49C419C3C8990B2924F04318E2E95F5C80ECE9F942819E9256785789","True","True"
"Libraries\FrozenFootprints\MAX17048G_T10_0.pcblib","6CFA4E2747A0B0FD875C206E5B1E4D44EBD306AF37DDB673C3D1F5E235A654F2","True","True"
"Libraries\FrozenFootprints\Miscellaneous_Connectors_0.pcblib","A366E5B168C774B462FFF2751C6817CF042C14BC35464296F487DE197DEAD0DF","True","True"
"Libraries\FrozenFootprints\MURATA_GRM155C71C105KE11D_0.pcblib","A6FF2325C9A19D60AB5EE8A7D014204F8616F51A192555C970B3B7B9855FE86C","True","True"
"Libraries\FrozenFootprints\SamacSys.PcbLib","AFC0EFF938AED945627D33C508E0B92EA7CBF7B00703FB8448047A8866E67EDA","True","True"
"Libraries\FrozenFootprints\SML-LXT0805SRW-TR_0.pcblib","36B251DA52525C0D869DE29CB92AF315C44E830AB8A4B2E95AA8425BD4C7E71C","True","True"
"Libraries\FrozenFootprints\TPS631000DRLR_0.pcblib","B88A90B63A37EC1D06D507FEA80600F89B7875358C40A8F7D7AB1C9240DF00B0","True","True"
"Libraries\FrozenFootprints\TS-1187A-B-A-B_0.pcblib","236F80DBCF22FF20F377595EFDA1AC0D56DD62A7D8997E27DD030D4D543D67B1","True","True"
"Libraries\FrozenFootprints\USB4105-GF-A-060_0.pcblib","D1CC6EE25DEFADABF70F92265A223611109371D9665E6C55E942B010A02985DA","True","True"
