"kind","group","net","layer","x1","y1","x2","y2","w","d","h","conn","relax"
"TRACK","P1v:WIFI_UART_TX","WIFI_UART_TX","Top Layer","41.725","41.625","41.575","41.625","0.2","","","repair|ROUTE_PLAN_C2_6L1_OK.csv|R106:WIFI_UART_TX#p3","0"
"TRACK","P1v:WIFI_UART_TX","WIFI_UART_TX","Top Layer","41.575","41.625","41.275","41.925","0.2","","","repair|ROUTE_PLAN_C2_6L1_OK.csv|R106:WIFI_UART_TX#p3","0"
"TRACK","P1v:WIFI_UART_TX","WIFI_UART_TX","Top Layer","41.275","41.925","41.275","43.125","0.2","","","repair|ROUTE_PLAN_C2_6L1_OK.csv|R106:WIFI_UART_TX#p3","0"
"VIA","P1:WIFI_UART_RX VIP","WIFI_UART_RX","Multi Layer","42.275","42.325","","","","0.45","0.2","WIFI_UART_RX|Pad U_WIFI1-23(42.126mm,42.475mm) on L1 TOP [Unplated]|Via (43.525mm,40.075mm) from L1 TOP to L6 BOTTOM","0"
"TRACK","P1v:MCU_SPI_MISO","MCU_SPI_MISO","Mid Layer 2","39.175","42.925","42.475","39.625","0.18","","","repair|REP_AN_ADDS_OK.csv|P103v:MCU_SPI_MISO#p1","0"
"TRACK","P1v:SYS_EN","SYS_EN","Bottom Layer","41.775","41.575","41.775","39.175","0.2","","","repair|ROUTE_PLAN_C2TRIAL_OK.csv|R257:SYS_EN#p2","0"
"TRACK","P1v:WIFI_BOOT","WIFI_BOOT","Mid Layer 4","40.325","42.125","41.125","42.125","0.2","","","repair|REG_MCU_ADDS_OK.csv|P3:WIFI_BOOT#p4","0"
"TRACK","P1v:WIFI_BOOT","WIFI_BOOT","Mid Layer 4","41.125","42.125","41.925","42.925","0.2","","","repair|REG_MCU_ADDS_OK.csv|P3:WIFI_BOOT#p4","0"
"TRACK","P1v:WIFI_BOOT","WIFI_BOOT","Mid Layer 4","41.925","42.925","43.525","42.925","0.2","","","repair|REG_MCU_ADDS_OK.csv|P3:WIFI_BOOT#p4","0"
"TRACK","P1v:WIFI_BOOT","WIFI_BOOT","Mid Layer 4","43.525","42.925","44.025","42.425","0.2","","","repair|REG_MCU_ADDS_OK.csv|P3:WIFI_BOOT#p4","0"
"TRACK","P1v:WIFI_BOOT","WIFI_BOOT","Mid Layer 4","44.025","42.425","44.775","42.425","0.2","","","repair|REG_MCU_ADDS_OK.csv|P3:WIFI_BOOT#p4","0"
"TRACK","P1v:VSYS","VSYS","Bottom Layer","42.475","40.125","42.475","41.325","0.4","","","repair|ROUTE_PLAN_C2_6L5_OK.csv|R92:VSYS#p5","0"
"TRACK","P1v:VSYS","VSYS","Bottom Layer","42.475","41.325","42.825","41.675","0.4","","","repair|ROUTE_PLAN_C2_6L5_OK.csv|R92:VSYS#p5","0"
"TRACK","P1v:VSYS","VSYS","Bottom Layer","42.825","41.675","43.075","41.675","0.4","","","repair|ROUTE_PLAN_C2_6L5_OK.csv|R92:VSYS#p5","0"
"TRACK","P1:WIFI_UART_RX","WIFI_UART_RX","Mid Layer 2","42.275","42.325","42.275","41.075","0.15","","","manual local detour preserving VSYS via43.12541.625","0"
"TRACK","P1:WIFI_UART_RX","WIFI_UART_RX","Mid Layer 2","42.275","41.075","43.075","40.275","0.15","","","manual local detour preserving VSYS via43.12541.625","0"
"TRACK","P1:WIFI_UART_RX","WIFI_UART_RX","Mid Layer 2","43.075","40.275","43.325","40.275","0.15","","","manual local detour preserving VSYS via43.12541.625","0"
"TRACK","P1:WIFI_UART_RX","WIFI_UART_RX","Mid Layer 2","43.325","40.275","43.525","40.075","0.15","","","manual local detour preserving VSYS via43.12541.625","0"
