designator,sheet,footprint,side,x,y,rot,bx0,by0,bx1,by1,w,h,area_mm2,pads,nets,src_uid
C1_EN1,Power_tree_design,FP-GRM155-0_05-IPC_C,Top,31.8,52.9,0,30.9638,52.125,32.6362,53.675,1.672,1.55,2.592,2,GND;NetC1_EN1_2,\KWJFQQPD
C1_MCU,MCU_sheet,FP-GRM155-0_05-IPC_C,Top,61.5,37.1,180,60.6638,36.325,62.3362,37.875,1.672,1.55,2.592,2,3V0_ANA;GND,\KNSGXSGY
C2_EN1,Power_tree_design,FP-CC0402-MFG,Top,31.9,49.5,180,30.925,48.725,32.875,50.2807,1.95,1.556,3.034,2,GND;NetC2_EN1_1,\AUBOOCXZ
C2_MCU,MCU_sheet,*MURATA_GRM155C71C105KE11D_0,Top,59.5,37.1,0,58.75,36.4,60.25,37.8,1.5,1.4,2.1,2,3V0_ANA;GND,\TSGCAGJY
C3_EN1,Power_tree_design,FP-CC0402-MFG,Top,37.1,51.5,180,36.125,50.725,38.075,52.2807,1.95,1.556,3.034,2,GND;NetC3_EN1_2,\BRZQATAL
C3_MCU,MCU_sheet,FP-GRM155-0_05-IPC_C,Top,61.5,35.8,180,60.6638,35.025,62.3362,36.575,1.672,1.55,2.592,2,3V0_ANA;GND,\TDOPZFWR
C4_MCU,MCU_sheet,*MURATA_GRM155C71C105KE11D_0,Top,59.5,35.8,0,58.75,35.1,60.25,36.5,1.5,1.4,2.1,2,3V0_ANA;GND,\WPXKGRZF
CCU1,AFE_Channel_1,FP-GRM155-0_05-IPC_C,Top,24.55,20.55,0,23.7138,19.775,25.3862,21.325,1.672,1.55,2.592,2,3V0_ANA;GND,\DPDOLLAJ
CCU10,AFE_Channel_5,FP-GRM155-0_05-IPC_C,Top,76.55,20.55,0,75.7138,19.775,77.3862,21.325,1.672,1.55,2.592,2,3V0_ANA;GND,\PGDJRIFP
CCU2,AFE_Channel_1,*MURATA_GRM155C71C105KE11D_0,Top,24.55,19.55,180,23.8,18.85,25.3,20.25,1.5,1.4,2.1,2,3V0_ANA;GND,\MFMCRQQU
CCU3,AFE_Channel_2,*MURATA_GRM155C71C105KE11D_0,Top,37.55,19.55,180,36.8,18.85,38.3,20.25,1.5,1.4,2.1,2,3V0_ANA;GND,\CIMHMRWX
CCU4,AFE_Channel_2,FP-GRM155-0_05-IPC_C,Top,37.55,20.55,0,36.7138,19.775,38.3862,21.325,1.672,1.55,2.592,2,3V0_ANA;GND,\PJWUZVFE
CCU5,AFE_Channel_3,*MURATA_GRM155C71C105KE11D_0,Top,50.55,19.55,180,49.8,18.85,51.3,20.25,1.5,1.4,2.1,2,3V0_ANA;GND,\PYTUSSRE
CCU6,AFE_Channel_3,FP-GRM155-0_05-IPC_C,Top,50.55,20.55,0,49.7138,19.775,51.3862,21.325,1.672,1.55,2.592,2,3V0_ANA;GND,\EIDXTRHR
CCU7,AFE_Channel_4,*MURATA_GRM155C71C105KE11D_0,Top,63.55,19.55,180,62.8,18.85,64.3,20.25,1.5,1.4,2.1,2,3V0_ANA;GND,\KKLEFVPX
CCU8,AFE_Channel_4,FP-GRM155-0_05-IPC_C,Top,63.55,20.55,0,62.7138,19.775,64.3862,21.325,1.672,1.55,2.592,2,3V0_ANA;GND,\XTYCAQJK
CCU9,AFE_Channel_5,*MURATA_GRM155C71C105KE11D_0,Top,76.55,19.55,180,75.8,18.85,77.3,20.25,1.5,1.4,2.1,2,3V0_ANA;GND,\MBHOTVHO
CH_1,AFE_Channel_1,CAPC1005X55N,Top,19.5,28.625,270,18.925,27.65,20.075,29.6,1.15,1.95,2.243,2,NetCH_1_2;VOUT_1,\MIJCOZNW
CH_2,AFE_Channel_2,CAPC1005X55N,Top,36.5,27.625,270,35.925,26.65,37.075,28.6,1.15,1.95,2.243,2,NetCH_2_2;VOUT_2,\VTQJFIQM
CH_3,AFE_Channel_3,CAPC1005X55N,Top,47.5,24.375,90,46.925,23.4,48.075,25.35,1.15,1.95,2.243,2,NetCH_3_2;VOUT_3,\BHEIABIF
CH_4,AFE_Channel_4,CAPC1005X55N,Top,58.5,26.425,270,57.925,25.45,59.075,27.4,1.15,1.95,2.243,2,NetCH_4_2;VOUT_4,\VBHITULI
CH_5,AFE_Channel_5,CAPC1005X55N,Top,69.5,23.175,90,68.925,22.2,70.075,24.15,1.15,1.95,2.243,2,NetCH_5_2;VOUT_5,\SDBPLGOM
CL_1,AFE_Channel_1,CAPC2013X135X45ML10T25,Top,16.1,30.5,0,13.925,29.225,18.275,31.775,4.35,2.55,11.092,2,INA_OUT_1;NetCL_1_1,\GNLAPLDE
CL_2,AFE_Channel_2,CAPC2013X135X45ML10T25,Top,33.1,29.5,0,30.925,28.225,35.275,30.775,4.35,2.55,11.092,2,INA_OUT_2;NetCL_2_1,\WSSOZXTJ
CL_3,AFE_Channel_3,CAPC2013X135X45ML10T25,Top,51.7,23.7,180,49.525,22.425,53.875,24.975,4.35,2.55,11.093,2,INA_OUT_3;NetCL_3_1,\TMGHLPAL
CL_4,AFE_Channel_4,CAPC2013X135X45ML10T25,Top,55.1,28.3,0,52.925,27.025,57.275,29.575,4.35,2.55,11.093,2,INA_OUT_4;NetCL_4_1,\KJVBWSRF
CL_5,AFE_Channel_5,CAPC2013X135X45ML10T25,Top,70.5,20.5,180,68.325,19.225,72.675,21.775,4.35,2.55,11.092,2,INA_OUT_5;NetCL_5_1,\YBRHADYL
CU6_1,Power_tree_design,FP-GRM155-0_05-IPC_C,Top,20.2,37.2,0,19.3638,36.425,21.0362,37.975,1.672,1.55,2.592,2,GND;VBAT_CELL,\UFCUTPNQ
CUP4,Power_tree_design,FP-GRM219-0_2-0_1-IPC_A,Top,36.6,45.0,270,35.2219,42.7469,37.9781,47.2531,2.756,4.506,12.42,2,3V3_DIG;GND,\TDBSYUJF
CUP4_1,Power_tree_design,FP-GCM21B-0_2-e0_2_0_7-MFG,Top,31.4,45.0,270,30.475,43.4,32.325,46.6,1.85,3.2,5.92,2,GND;VSYS,\OCTWYPFX
CUP4_FB,Power_tree_design,CAPC1005X55X25LL05T10,Top,35.3,41.7,0,34.475,41.275,36.125,42.125,1.65,0.85,1.403,2,3V3_DIG;NetCUP4_FB_1,\XDRNRJCW
CUP5_1,Power_tree_design,*MURATA_GRM155C71C105KE11D_0,Top,35.9,35.4,180,35.15,34.7,36.65,36.1,1.5,1.4,2.1,2,3V3_DIG;GND,\KRWEPBDB
CUP5_2,Power_tree_design,*MURATA_GRM155C71C105KE11D_0,Top,41.2,35.4,180,40.45,34.7,41.95,36.1,1.5,1.4,2.1,2,3V0_ANA;GND,\ALYAKZJE
CUP5_3,Power_tree_design,FP-GCM21B-0_2-e0_2_0_7-MFG,Top,42.0,33.8,180,40.4,32.875,43.6,34.725,3.2,1.85,5.92,2,3V0_ANA;GND,\GUCDCQUU
CUP5_5,Power_tree_design,FP-GCM21B-0_2-e0_2_0_7-MFG,Top,35.5,37.0,180,33.9,36.075,37.1,37.925,3.2,1.85,5.92,2,3V3_DIG;GND,\ZEQWUVAB
CU_11,AFE_Channel_1,FP-GRM155-0_05-IPC_C,Top,20.3,27.0,0,19.4638,26.225,21.1362,27.775,1.672,1.55,2.592,2,3V0_ANA;GND,\QTDZGZYC
CU_12,AFE_Channel_2,FP-GRM155-0_05-IPC_C,Top,37.3,26.0,0,36.4638,25.225,38.1362,26.775,1.672,1.55,2.592,2,3V0_ANA;GND,\KZHXEMRX
CU_14,AFE_Channel_4,FP-GRM155-0_05-IPC_C,Top,59.3,24.8,0,58.4638,24.025,60.1362,25.575,1.672,1.55,2.592,2,3V0_ANA;GND,\HFAFTJTT
CU_21,AFE_Channel_1,*MURATA_GRM155C71C105KE11D_0,Top,18.7,27.0,180,17.95,26.3,19.45,27.7,1.5,1.4,2.1,2,3V0_ANA;GND,\HBLBLIXO
CU_22,AFE_Channel_2,*MURATA_GRM155C71C105KE11D_0,Top,35.7,26.0,180,34.95,25.3,36.45,26.7,1.5,1.4,2.1,2,3V0_ANA;GND,\QFBGIYQT
CU_24,AFE_Channel_4,*MURATA_GRM155C71C105KE11D_0,Top,57.7,24.8,180,56.95,24.1,58.45,25.5,1.5,1.4,2.1,2,3V0_ANA;GND,\PSMZMIOA
C_ADC1,MCU_sheet,FP-GRM155-0_15-IPC_A,Top,60.3,34.1,180,59.1209,33.2209,61.4791,34.9791,2.358,1.758,4.146,2,ADC_EMG1;GND,\CWYZJILP
C_ADC2,MCU_sheet,FP-GRM155-0_15-IPC_A,Top,60.3,32.45,180,59.1209,31.5709,61.4791,33.3291,2.358,1.758,4.146,2,ADC_EMG2;GND,\ECVYCTDZ
C_ADC3,MCU_sheet,FP-GRM155-0_15-IPC_A,Top,60.3,30.8,180,59.1209,29.9209,61.4791,31.6791,2.358,1.758,4.146,2,ADC_EMG3;GND,\CNHMIMHQ
C_ADC4,MCU_sheet,FP-GRM155-0_15-IPC_A,Top,64.6,29.4,270,63.7209,28.2209,65.4791,30.5791,1.758,2.358,4.146,2,ADC_EMG4;GND,\IWHUAAYK
C_ADC5,MCU_sheet,FP-GRM155-0_15-IPC_A,Top,67.5,29.4,90,66.6209,28.2209,68.3791,30.5791,1.758,2.358,4.146,2,ADC_EMG5;GND,\BBGOTLNQ
C_BAT,Power_tree_design,FP-GCM21B-0_2-e0_2_0_7-MFG,Top,19.5,45.6,180,17.900000000000002,44.675,21.099999999999998,46.525,3.2,1.85,5.92,2,GND;VBAT_CELL,\IENRODLZ
C_DRL_DEC,Analog_Shared,EMG_DRL_C0402,Bottom,19.0,30.2,90,18.225,29.3638,19.775,31.0362,1.55,1.672,2.592,2,3V0_ANA;GND,\EDUIKKDR
C_DRL_FB,Analog_Shared,EMG_DRL_C0402,Bottom,25.45,33.05,90,24.675,32.2138,26.225,33.8862,1.55,1.672,2.592,2,DRL_AMP_OUT;DRL_SUM,\XCYGPLDA
C_IN_,Power_tree_design,*MURATA_GRM155C71C105KE11D_0,Top,23.75,47.35,180,23.0,46.65,24.5,48.05,1.5,1.4,2.1,2,GND;VBUS,\ZMESUDIN
C_MCU_BULK,MCU_sheet,FP-GCM21B-0_2-e0_2_0_7-MFG,Top,82.1,48.9,90,81.175,47.300000000000004,83.025,50.5,1.85,3.2,5.92,2,3V3_DIG;GND,\XNGEFMHP
C_MCU_VDD1,MCU_sheet,FP-GRM155-0_05-IPC_C,Top,61.2,40.5,0,60.3638,39.725,62.0362,41.275,1.672,1.55,2.592,2,3V3_DIG;GND,\QBPNORLY
C_MCU_VDD2,MCU_sheet,FP-GRM155-0_05-IPC_C,Top,66.0,29.7,90,65.225,28.8638,66.775,30.5362,1.55,1.672,2.592,2,3V3_DIG;GND,\BIEOJUNV
C_MCU_VDD3,MCU_sheet,FP-GRM155-0_05-IPC_C,Top,78.0,29.9,90,77.225,29.0638,78.775,30.7362,1.55,1.672,2.592,2,3V3_DIG;GND,\AUVFQSTI
C_MCU_VDD4,MCU_sheet,FP-GRM155-0_05-IPC_C,Top,80.7,45.5,0,79.8638,44.725,81.5362,46.275,1.672,1.55,2.592,2,3V3_DIG;GND,\ABSRTBCD
C_MCU_VDD5,MCU_sheet,FP-GRM155-0_05-IPC_C,Top,65.0,49.1,90,64.225,48.2638,65.775,49.9362,1.55,1.672,2.592,2,3V3_DIG;GND,\OOSRRHMX
C_NRST,MCU_sheet,FP-GRM155-0_05-IPC_C,Top,59.1,39.0,180,58.2638,38.225,59.9362,39.775,1.672,1.55,2.592,2,GND;MCU_NRST,\UTOMCBIX
C_OUT_,Power_tree_design,FP-GCM21B-0_2-e0_2_0_7-MFG,Top,26.4,45.0,0,24.8,44.075,28.0,45.925,3.2,1.85,5.92,2,GND;VSYS,\PIABGTTK
C_UV_BYPASS,Power_tree_design,FP-GRM155-0_05-IPC_C,Top,32.7,39.3,0,31.8638,38.525,33.5362,40.075,1.672,1.55,2.592,2,GND;VSYS,\PQCLWCZB
C_VBAT,MCU_sheet,FP-GRM155-0_05-IPC_C,Top,61.2,43.0,0,60.3638,42.225,62.0362,43.775,1.672,1.55,2.592,2,3V3_DIG;GND,\DLLJRIAK
C_VBUS,Power_tree_design,*MURATA_GRM155C71C105KE11D_0,Top,18.7,44.2,0,17.95,43.5,19.45,44.9,1.5,1.4,2.1,2,GND;VBUS,\IBSDRNQP
C_VDDUSB,MCU_sheet,FP-GRM155-0_05-IPC_C,Top,80.7,44.1,0,79.8638,43.325,81.5362,44.875,1.672,1.55,2.592,2,3V3_DIG;GND,\CFQZTGVX
C_WIFI_BULK,MCU_sheet,FP-GRM219-0_2-0_1-IPC_A,Top,59.5,48.3,90,58.1219,46.0469,60.8781,50.5531,2.756,4.506,12.42,2,3V3_DIG;GND,\MUJTZXJA
C_WIFI_EN,MCU_sheet,FP-GRM155-0_05-IPC_C,Top,58.2,43.855,0,57.3638,43.08,59.0362,44.63,1.672,1.55,2.592,2,GND;WIFI_CHIP_EN,\PPSJUUVA
C_WIFI_VDD33,MCU_sheet,FP-GCM21B-0_2-e0_2_0_7-MFG,Top,56.8,40.5,270,55.875,38.9,57.725,42.1,1.85,3.2,5.92,2,3V3_DIG;GND,\PENDZXJR
C_WIFI_VDD33_HF,MCU_sheet,FP-GRM155-0_05-MFG,Top,54.775,41.0,270,54.025,40.05,55.525,41.95,1.5,1.9,2.85,2,3V3_DIG;GND,\VMMAYOTC
C_WIFI_VDDIO1,MCU_sheet,FP-GCM21B-0_2-e0_2_0_7-MFG,Top,44.0,40.5,90,43.075,38.9,44.925,42.1,1.85,3.2,5.92,2,3V3_DIG;GND,\IMKSJAJJ
C_WIFI_VDDIO1_HF,MCU_sheet,FP-GRM155-0_05-MFG,Top,45.885,41.0,270,45.135,40.05,46.635,41.95,1.5,1.9,2.85,2,3V3_DIG;GND,\GADJTTCJ
C_WIFI_VDDIO2,MCU_sheet,FP-GCM21B-0_2-e0_2_0_7-MFG,Top,58.15,51.8,180,56.550000000000004,50.875,59.75,52.725,3.2,1.85,5.92,2,3V3_DIG;GND,\CQCYPVDO
C_WIFI_VDDIO2_HF,MCU_sheet,FP-GRM155-0_05-MFG,Top,57.7,53.8,180,56.75,53.05,58.65,54.55,1.9,1.5,2.85,2,3V3_DIG;GND,\KDNLJRNG
C_WIFI_X32_IN,MCU_sheet,FP-GRM155-0_05-IPC_C,Top,52.85,37.4,90,52.075,36.5638,53.625,38.2362,1.55,1.672,2.592,2,GND;NetC_WIFI_X32_IN_2,\HUBJPMZN
C_WIFI_X32_OUT,MCU_sheet,FP-GRM155-0_05-IPC_C,Top,50.35,37.4,90,49.575,36.5638,51.125,38.2362,1.55,1.672,2.592,2,GND;NetC_WIFI_X32_OUT_2,\ETMOXEBV
Cdiv,Analog_Shared,FP-GRM155-0_05-IPC_C,Top,20.6,30.0,0,19.7638,29.225,21.4362,30.775,1.672,1.55,2.592,2,3V0_ANA;GND,\ETGTIIWG
Cdiv_1,Analog_Shared,FP-GRM155-0_05-IPC_C,Top,29.9,25.0,180,29.0638,24.225,30.7362,25.775,1.672,1.55,2.592,2,GND;VDiv,\TXUADNCR
Cdiv_10uF,Analog_Shared,FP-GCM21B-0_2-e0_2_0_7-MFG,Top,32.2,24.8,180,30.6,23.875,33.8,25.725,3.2,1.85,5.92,2,GND;VDiv,\KISCTGDZ
Cservo_1,AFE_Channel_1,GRM31x,Top,18.8,25.7,180,15.896,23.748,21.704,27.652,5.808,3.904,22.674,2,NetCservo_1_1;Vservo_1,\UVWABFOM
Cservo_2,AFE_Channel_2,GRM31x,Top,35.8,24.7,180,32.896,22.748,38.704,26.652,5.808,3.904,22.674,2,NetCservo_2_1;Vservo_2,\DWQPLJLU
Cservo_3,AFE_Channel_3,GRM31x,Top,48.2,27.3,0,45.296,25.348,51.104,29.252,5.808,3.904,22.674,2,NetCservo_3_1;Vservo_3,\TCDKMOJA
Cservo_4,AFE_Channel_4,GRM31x,Top,57.8,23.5,180,54.896,21.548,60.704,25.452,5.808,3.904,22.674,2,NetCservo_4_1;Vservo_4,\BSAHUQLV
Cservo_5,AFE_Channel_5,GRM31x,Top,70.2,26.1,0,67.296,24.148,73.104,28.052,5.808,3.904,22.674,2,NetCservo_5_1;Vservo_5,\RHWVFLVY
D_CC_ESD,Power_tree_design,SOT95P230X100-3N,Top,19.8,48.5,180,17.9,46.725,21.7,50.275,3.8,3.55,13.49,3,GND;NetD_CC_ESD_1;NetD_CC_ESD_2,\MGTRVJRM
D_VBUS,Power_tree_design,FP-SOD323-CA-MFG,Top,18.5,42.0,90,17.575,40.375,19.425,43.625,1.85,3.25,6.013,2,GND;VBUS,\UMZWIQYE
INA1,AFE_Channel_1,EMG_AD8237_R3_MSOP8,Top,22.0,18.2,0,19.5794,15.25,23.6635,21.15,4.084,5.9,24.096,8,3V0_ANA;GND;INA_OUT_1;NetINA1_2;NetINA1_3;NetINA1_7;Vservo_1,\DSSHWZCG
INA2,AFE_Channel_2,EMG_AD8237_R3_MSOP8,Top,35.0,18.2,0,32.5794,15.25,36.6635,21.15,4.084,5.9,24.096,8,3V0_ANA;GND;INA_OUT_2;NetINA2_2;NetINA2_3;NetINA2_7;Vservo_2,\WODSVRPQ
INA3,AFE_Channel_3,EMG_AD8237_R3_MSOP8,Top,48.0,18.2,0,45.5794,15.25,49.6635,21.15,4.084,5.9,24.096,8,3V0_ANA;GND;INA_OUT_3;NetINA3_2;NetINA3_3;NetINA3_7;Vservo_3,\DEHQBDJR
INA4,AFE_Channel_4,EMG_AD8237_R3_MSOP8,Top,61.0,18.2,0,58.5794,15.25,62.6635,21.15,4.084,5.9,24.096,8,3V0_ANA;GND;INA_OUT_4;NetINA4_2;NetINA4_3;NetINA4_7;Vservo_4,\XTNWSMDW
INA5,AFE_Channel_5,EMG_AD8237_R3_MSOP8,Top,74.0,18.2,0,71.5794,15.25,75.6635,21.15,4.084,5.9,24.096,8,3V0_ANA;GND;INA_OUT_5;NetINA5_2;NetINA5_3;NetINA5_7;Vservo_5,\WFMTJBTJ
JP_WIFI_BOOT,MCU_sheet,HDR1X2H,Top,82.3,17.4,0,80.93,10.95,86.21,18.2,5.28,7.25,38.28,2,NetJP_WIFI_BOOT_1;WIFI_BOOT,\MTPFUPUN
J_FPC1,AFE_Channel_1,HIROSE_BK13C06-10DS/2-0.35V(895),Top,22.0,12.2,0,19.465,10.875,24.535,13.95,5.07,3.075,15.59,16,3V0_ANA;GND;NetJ_FPC1_8;Va_1;Vb_1;Vc_1,\HRDNIWOC
J_FPC2,AFE_Channel_2,HIROSE_BK13C06-10DS/2-0.35V(895),Top,35.0,12.2,0,32.464999999999996,10.875,37.535000000000004,13.95,5.07,3.075,15.59,16,3V0_ANA;GND;NetJ_FPC2_8;Va_2;Vb_2;Vc_2,\VHZAIESE
J_FPC3,AFE_Channel_3,HIROSE_BK13C06-10DS/2-0.35V(895),Top,48.0,12.2,0,45.464999999999996,10.875,50.535000000000004,13.95,5.07,3.075,15.59,16,3V0_ANA;GND;NetJ_FPC3_8;Va_3;Vb_3;Vc_3,\MNABROKH
J_FPC4,AFE_Channel_4,HIROSE_BK13C06-10DS/2-0.35V(895),Top,61.0,12.2,0,58.464999999999996,10.875,63.535000000000004,13.95,5.07,3.075,15.59,16,3V0_ANA;GND;NetJ_FPC4_8;Va_4;Vb_4;Vc_4,\WOQIDMIX
J_FPC5,AFE_Channel_5,HIROSE_BK13C06-10DS/2-0.35V(895),Top,74.0,12.2,0,71.465,10.875,76.535,13.95,5.07,3.075,15.59,16,3V0_ANA;GND;NetJ_FPC5_8;Va_5;Vb_5;Vc_5,\VCZZVCHC
J_Li-Po,Power_tree_design,HDR1X3,Top,12.0,34.8,0,10.63,33.43,18.45,36.17,7.82,2.74,21.427,3,BAT_TEMP;GND;VBAT_CELL,\VQEFQNBX
J_REF,Analog_Shared,HDR1X2,Top,12.5,19.0,0,11.13,17.63,16.41,20.37,5.28,2.74,14.467,2,NetJ_REF_1,\IDYBTGZF
J_SWD,MCU_sheet,HDR1X5H,Top,86.0,38.0,90,85.2,36.63,92.45,49.53,7.25,12.9,93.525,5,3V3_DIG;GND;MCU_NRST;MCU_SWCLK;MCU_SWDIO,\KSTMQYKV
J_USB_C,Power_tree_design,GCT_USB4105-GF-A-060,Top,12.4,47.0,270,9.525,38.4007,18.6,52.37,9.075,13.969,126.771,18,GND;NetD_CC_ESD_1;NetD_CC_ESD_2;VBUS,\OOAEFXTY
L1,Power_tree_design,FP-DFE21CC_EL-MFG,Top,34.0,47.2,180,32.5,46.3,35.5,48.1,3.0,1.8,5.4,2,NetL1_1;NetL1_2,\TMEFFVKY
LED_CHG,Power_tree_design,LEDC2012X120N,Top,20.0,53.0,0,17.8,51.975,21.725,54.025,3.925,2.05,8.046,2,NetLED_CHG_A;NetLED_CHG_C,\EZYWKPBA
MCU_VCAP,MCU_sheet,CAPC2012X135N,Top,75.6,29.4,90,74.635,27.712,76.565,31.088,1.93,3.376,6.516,2,GND;MCU_VCAP,\YNNCTDAI
PWR_BTN_N,Power_tree_design,SW_TS-1187A-B-A-B,Top,27.3,51.2,0,22.85,48.375,31.075,54.025,8.225,5.65,46.471,4,GND;NetPWR_BTN_N_A,\FPRAKXRU
Q_SHDN,Power_tree_design,FP-318-08-IPC_B,Top,40.0,51.5,180,37.9777,49.7,42.0223,53.3,4.045,3.6,14.561,3,GND;KILL_CTRL;NetQ_SHDN_1,\UKRIVBCR
RDD1,AFE_Channel_1,RES_ERA2ARB103X,Top,27.8,16.8,0,26.775,16.275,28.825,17.325,2.05,1.05,2.153,2,NetINA1_3;Va_1,\DXKLSNMY
RDD10,AFE_Channel_4,RES_ERA2ARB103X,Top,66.8,16.8,0,65.775,16.275,67.825,17.325,2.05,1.05,2.152,2,NetINA4_3;Va_4,\EHJREJHQ
RDD11,AFE_Channel_4,FP-AC0402-MFG,Top,66.8,15.0,0,65.85,14.225,67.75,15.775,1.9,1.55,2.945,2,NetINA4_2;Vb_4,\PLJRMBKM
RDD12,AFE_Channel_4,RES_ERA2ARB103X,Top,66.8,18.6,0,65.775,18.075,67.825,19.125,2.05,1.05,2.152,2,NetINA4_3;Vc_4,\CQWOMJFQ
RDD13,AFE_Channel_5,RES_ERA2ARB103X,Top,79.4,16.8,0,78.375,16.275,80.425,17.325,2.05,1.05,2.152,2,NetINA5_3;Va_5,\PXMMUANO
RDD14,AFE_Channel_5,FP-AC0402-MFG,Top,79.4,15.0,0,78.45,14.225,80.35,15.775,1.9,1.55,2.945,2,NetINA5_2;Vb_5,\FDBDAWRR
RDD15,AFE_Channel_5,RES_ERA2ARB103X,Top,79.4,18.6,0,78.375,18.075,80.425,19.125,2.05,1.05,2.152,2,NetINA5_3;Vc_5,\STOXUDFL
RDD2,AFE_Channel_1,FP-AC0402-MFG,Top,27.8,15.0,0,26.85,14.225,28.75,15.775,1.9,1.55,2.945,2,NetINA1_2;Vb_1,\HMVRSXGQ
RDD3,AFE_Channel_1,RES_ERA2ARB103X,Top,27.8,18.6,0,26.775,18.075,28.825,19.125,2.05,1.05,2.153,2,NetINA1_3;Vc_1,\MJVHHMBB
RDD4,AFE_Channel_2,RES_ERA2ARB103X,Top,40.8,16.8,0,39.775,16.275,41.825,17.325,2.05,1.05,2.153,2,NetINA2_3;Va_2,\IIVQUIPI
RDD5,AFE_Channel_2,FP-AC0402-MFG,Top,40.8,15.0,0,39.85,14.225,41.75,15.775,1.9,1.55,2.945,2,NetINA2_2;Vb_2,\WQFXLLGW
RDD6,AFE_Channel_2,RES_ERA2ARB103X,Top,40.8,18.6,0,39.775,18.075,41.825,19.125,2.05,1.05,2.153,2,NetINA2_3;Vc_2,\LLIMCPGT
RDD7,AFE_Channel_3,RES_ERA2ARB103X,Top,53.8,16.8,0,52.775,16.275,54.825,17.325,2.05,1.05,2.153,2,NetINA3_3;Va_3,\TDEFUSFF
RDD8,AFE_Channel_3,FP-AC0402-MFG,Top,53.8,15.0,0,52.85,14.225,54.75,15.775,1.9,1.55,2.945,2,NetINA3_2;Vb_3,\SWXJGUAX
RDD9,AFE_Channel_3,RES_ERA2ARB103X,Top,53.8,18.6,0,52.775,18.075,54.825,19.125,2.05,1.05,2.153,2,NetINA3_3;Vc_3,\WRVCRTAX
RGN_1,AFE_Channel_1,FP-RT0402-MFG,Top,18.9,29.9,0,17.95,29.089,19.85,30.7,1.9,1.611,3.061,2,NetCH_1_2;NetCL_1_1,\GHXDVMLT
RGN_2,AFE_Channel_2,FP-RT0402-MFG,Top,35.9,28.9,0,34.95,28.089,36.85,29.7,1.9,1.611,3.061,2,NetCH_2_2;NetCL_2_1,\AAUNNEUQ
RGN_3,AFE_Channel_3,FP-RT0402-MFG,Top,48.9,23.7,180,47.95,22.9,49.85,24.511,1.9,1.611,3.061,2,NetCH_3_2;NetCL_3_1,\HVJKHQAD
RGN_4,AFE_Channel_4,FP-RT0402-MFG,Top,57.9,27.7,0,56.95,26.889,58.85,28.5,1.9,1.611,3.061,2,NetCH_4_2;NetCL_4_1,\AMATVKYL
RGN_5,AFE_Channel_5,FP-RT0402-MFG,Top,70.1,21.9,180,69.15,21.1,71.05,22.711,1.9,1.611,3.061,2,NetCH_5_2;NetCL_5_1,\VMZMEQFA
RG_1,AFE_Channel_1,FP-RT0402-MFG,Top,20.5,28.625,90,19.7,27.675,21.311,29.575,1.611,1.9,3.061,2,NetCH_1_2;VOUT_1,\UTRITBAK
RG_2,AFE_Channel_2,FP-RT0402-MFG,Top,37.5,27.625,90,36.7,26.675,38.311,28.575,1.611,1.9,3.061,2,NetCH_2_2;VOUT_2,\SMJLTCCR
RG_3,AFE_Channel_3,FP-RT0402-MFG,Top,46.5,24.375,270,45.689,23.425,47.3,25.325,1.611,1.9,3.061,2,NetCH_3_2;VOUT_3,\IWTKXABD
RG_4,AFE_Channel_4,FP-RT0402-MFG,Top,59.5,26.425,90,58.7,25.475,60.311,27.375,1.611,1.9,3.061,2,NetCH_4_2;VOUT_4,\LGIUMXWW
RG_5,AFE_Channel_5,FP-RT0402-MFG,Top,68.5,23.175,270,67.689,22.225,69.3,24.125,1.611,1.9,3.061,2,NetCH_5_2;VOUT_5,\LNKDIMXT
RH_1,AFE_Channel_1,FP-AC0402-IPC_A,Top,21.4,21.75,0,20.2638,20.9138,22.5362,22.5862,2.272,1.672,3.8,2,INA_OUT_1;NetINA1_7,\GTEBNYHJ
RH_2,AFE_Channel_2,FP-AC0402-IPC_A,Top,34.4,21.75,0,33.2638,20.9138,35.5362,22.5862,2.272,1.672,3.8,2,INA_OUT_2;NetINA2_7,\TENFJOUW
RH_3,AFE_Channel_3,FP-AC0402-IPC_A,Top,47.4,21.75,0,46.2638,20.9138,48.5362,22.5862,2.272,1.672,3.8,2,INA_OUT_3;NetINA3_7,\XMOCRDMS
RH_4,AFE_Channel_4,FP-AC0402-IPC_A,Top,59.2,21.75,0,58.0638,20.9138,60.3362,22.5862,2.272,1.672,3.8,2,INA_OUT_4;NetINA4_7,\AABTCOUS
RH_5,AFE_Channel_5,FP-AC0402-IPC_A,Top,73.4,21.75,0,72.2638,20.9138,74.5362,22.5862,2.272,1.672,3.8,2,INA_OUT_5;NetINA5_7,\BRQYYKEO
RISET,Power_tree_design,RESC1005X40X25ML05T10,Top,21.0,51.0,270,20.425,49.925,21.575,52.075,1.15,2.15,2.473,2,GND;NetRISET_1,\SSYPHZYI
RJ1,Power_tree_design,RESC1005X40X25NL05T10,Top,18.9,50.7,0,17.975,50.225,19.825,51.175,1.85,0.95,1.757,2,GND;NetD_CC_ESD_1,\ZKMVMVBH
RJ2,Power_tree_design,RESC1005X40X25NL05T10,Top,18.9,51.7,0,17.975,51.225,19.825,52.175,1.85,0.95,1.757,2,GND;NetD_CC_ESD_2,\UZEVJROT
RL_1,AFE_Channel_1,FP-RT0402-MFG,Top,23.4,22.3,0,22.45,21.489,24.35,23.1,1.9,1.611,3.061,2,NetINA1_7;VREF_A,\HHHGPCFY
RL_2,AFE_Channel_2,FP-RT0402-MFG,Top,36.4,22.3,0,35.45,21.489,37.35,23.1,1.9,1.611,3.061,2,NetINA2_7;VREF_A,\TELITLFC
RL_3,AFE_Channel_3,FP-RT0402-MFG,Top,49.4,22.3,0,48.45,21.489,50.35,23.1,1.9,1.611,3.061,2,NetINA3_7;VREF_A,\XBCKMMOI
RL_4,AFE_Channel_4,FP-RT0402-MFG,Top,62.2,21.7,0,61.25,20.889,63.15,22.5,1.9,1.611,3.061,2,NetINA4_7;VREF_A,\BXVEUIPV
RL_5,AFE_Channel_5,FP-RT0402-MFG,Top,75.4,22.3,0,74.45,21.489,76.35,23.1,1.9,1.611,3.061,2,NetINA5_7;VREF_A,\DRPDTLDH
RUP_3,Power_tree_design,FP-AC0402-IPC_A,Top,35.3,42.7,0,34.1638,41.8638,36.4362,43.5362,2.272,1.672,3.8,2,3V3_DIG;NetCUP4_FB_1,\FVAOALWX
RUP_4,Power_tree_design,FP-AC0402-MFG,Top,33.4,42.7,0,32.45,41.925,34.35,43.475,1.9,1.55,2.945,2,GND;NetCUP4_FB_1,\DIXYKNNS
RV1,Analog_Shared,FP-AC0402-MFG,Top,30.2,26.0,180,29.25,25.225,31.15,26.775,1.9,1.55,2.945,2,GND;VDiv,\FJSJEKUM
RV2,Analog_Shared,FP-AC0402-MFG,Top,30.2,27.0,0,29.25,26.225,31.15,27.775,1.9,1.55,2.945,2,3V0_ANA;VDiv,\ACJROGAV
R_ADC1,MCU_sheet,RESC1005X40N,Top,62.0,34.1,90,61.425,33.11,62.575,35.09,1.15,1.98,2.277,2,ADC_EMG1;VOUT_1,\TKCPYGKF
R_ADC2,MCU_sheet,RESC1005X40N,Top,62.0,32.45,90,61.425,31.46,62.575,33.44,1.15,1.98,2.277,2,ADC_EMG2;VOUT_2,\CFTIPEZE
R_ADC3,MCU_sheet,RESC1005X40N,Top,62.0,30.8,90,61.425,29.81,62.575,31.79,1.15,1.98,2.277,2,ADC_EMG3;VOUT_3,\VPQHMOBO
R_ADC4,MCU_sheet,RESC1005X40N,Top,62.8,29.4,0,61.81,28.825,63.79,29.975,1.98,1.15,2.277,2,ADC_EMG4;VOUT_4,\RNNLSOJY
R_ADC5,MCU_sheet,RESC1005X40N,Top,69.0,28.5,180,68.01,27.925,69.99,29.075,1.98,1.15,2.277,2,ADC_EMG5;VOUT_5,\CWCXIEPU
R_AL,Power_tree_design,FP-AT0402-IPC_A,Top,25.2,36.7,0,24.0439,35.8638,26.3561,37.5362,2.312,1.672,3.867,2,3V3_DIG;FG_ALRT,\KHERGLLP
R_CHG_LED,Power_tree_design,FP-AC0402-MFG,Top,22.8,53.0,0,21.85,52.225,23.75,53.775,1.9,1.55,2.945,2,NetLED_CHG_A;VSYS,\DPJOEUUL
R_DRL_FB,Analog_Shared,EMG_DRL_R0603,Bottom,25.45,30.2,90,24.71,28.71,26.19,31.69,1.48,2.98,4.41,2,DRL_AMP_OUT;DRL_SUM,\EIJHLSNJ
R_DRL_OUT1,Analog_Shared,EMG_DRL_R0603,Bottom,16.0,29.5,0,14.51,28.76,17.49,30.24,2.98,1.48,4.41,2,DRL_AMP_OUT;DRL_LIMIT_MID,\SMIJZRZG
R_DRL_OUT2,Analog_Shared,EMG_DRL_R0603,Bottom,16.0,31.3,0,14.51,30.56,17.49,32.04,2.98,1.48,4.41,2,DRL_LIMITED;DRL_LIMIT_MID,\QLOEDQON
R_DRL_SEL,Analog_Shared,EMG_DRL_R0603,Bottom,13.5,21.7,0,12.01,20.96,14.99,22.44,2.98,1.48,4.41,2,DRL_LIMITED;NetJ_REF_1,\DMIZMQOS
R_DRL_VA1,Analog_Shared,EMG_DRL_R0603,Bottom,14.5,23.5,0,13.01,22.76,15.99,24.24,2.98,1.48,4.41,2,DRL_SUM;Va_1,\RIFJGQGL
R_DRL_VA2,Analog_Shared,EMG_DRL_R0603,Bottom,17.85,23.5,0,16.36,22.76,19.34,24.24,2.98,1.48,4.41,2,DRL_SUM;Va_2,\MVYFQFIQ
R_DRL_VA3,Analog_Shared,EMG_DRL_R0603,Bottom,21.2,23.5,0,19.71,22.76,22.69,24.24,2.98,1.48,4.41,2,DRL_SUM;Va_3,\UBNLRAIB
R_DRL_VA4,Analog_Shared,EMG_DRL_R0603,Bottom,24.55,23.5,0,23.06,22.76,26.04,24.24,2.98,1.48,4.41,2,DRL_SUM;Va_4,\ADWZPFZU
R_DRL_VA5,Analog_Shared,EMG_DRL_R0603,Bottom,27.9,23.5,0,26.41,22.76,29.39,24.24,2.98,1.48,4.41,2,DRL_SUM;Va_5,\SHYIMMPG
R_DRL_VB1,Analog_Shared,EMG_DRL_R0603,Bottom,14.5,25.3,0,13.01,24.56,15.99,26.04,2.98,1.48,4.41,2,DRL_SUM;Vb_1,\LZLPZBNE
R_DRL_VB2,Analog_Shared,EMG_DRL_R0603,Bottom,17.85,25.3,0,16.36,24.56,19.34,26.04,2.98,1.48,4.41,2,DRL_SUM;Vb_2,\QVAUFHQD
R_DRL_VB3,Analog_Shared,EMG_DRL_R0603,Bottom,21.2,25.3,0,19.71,24.56,22.69,26.04,2.98,1.48,4.41,2,DRL_SUM;Vb_3,\OJYINECL
R_DRL_VB4,Analog_Shared,EMG_DRL_R0603,Bottom,24.55,25.3,0,23.06,24.56,26.04,26.04,2.98,1.48,4.41,2,DRL_SUM;Vb_4,\IHMMSDCU
R_DRL_VB5,Analog_Shared,EMG_DRL_R0603,Bottom,27.9,25.3,0,26.41,24.56,29.39,26.04,2.98,1.48,4.41,2,DRL_SUM;Vb_5,\GLRUZBWG
R_DRL_VC1,Analog_Shared,EMG_DRL_R0603,Bottom,14.5,27.1,0,13.01,26.36,15.99,27.84,2.98,1.48,4.41,2,DRL_SUM;Vc_1,\IHATGGJF
R_DRL_VC2,Analog_Shared,EMG_DRL_R0603,Bottom,17.85,27.1,0,16.36,26.36,19.34,27.84,2.98,1.48,4.41,2,DRL_SUM;Vc_2,\EAWUJWHA
R_DRL_VC3,Analog_Shared,EMG_DRL_R0603,Bottom,21.2,27.1,0,19.71,26.36,22.69,27.84,2.98,1.48,4.41,2,DRL_SUM;Vc_3,\XXOACUDZ
R_DRL_VC4,Analog_Shared,EMG_DRL_R0603,Bottom,24.55,27.1,0,23.06,26.36,26.04,27.84,2.98,1.48,4.41,2,DRL_SUM;Vc_4,\HGWJYRWC
R_DRL_VC5,Analog_Shared,EMG_DRL_R0603,Bottom,27.9,27.1,0,26.41,26.36,29.39,27.84,2.98,1.48,4.41,2,DRL_SUM;Vc_5,\AGXVAPNG
R_EN,Power_tree_design,FP-AC0402-MFG,Top,31.0,42.5,0,30.05,41.725,31.95,43.275,1.9,1.55,2.945,2,SYS_EN;VSYS,\HYXOCZMX
R_EN1_1,Power_tree_design,FP-RC0402-0_4-IPC_A,Top,32.0,53.8,0,30.8638,52.9638,33.1362,54.6362,2.272,1.672,3.8,2,NetC1_EN1_2;VSYS,\TTIIGMKO
R_EN1_BIAS,Power_tree_design,FP-AT0402-IPC_A,Top,22.9,42.0,90,22.0638,40.8439,23.7362,43.1561,1.672,2.312,3.867,2,NetR_EN1_BIAS_2;VSYS,\EAFZMWMK
R_EN_PD,Power_tree_design,FP-AC0402-IPC_A,Top,35.6,33.1,0,34.4638,32.2638,36.7362,33.9362,2.272,1.672,3.8,2,AFE_EN;GND,\LCJTGOVC
R_INT_PULLUP,Power_tree_design,FP-AT0402-IPC_A,Top,36.9,49.3,180,35.7439,48.4638,38.0561,50.1362,2.312,1.672,3.867,2,3V3_DIG;MCU_PWR_INT_N,\KYNUZFOC
R_KILL_PU,Power_tree_design,FP-AT0402-IPC_A,Top,36.9,53.0,0,35.7439,52.1638,38.0561,53.8362,2.312,1.672,3.867,2,3V3_DIG;KILL_CTRL,\SCZGXJMM
R_LIM,Power_tree_design,FP-AC0402-MFG,Top,26.0,46.3,180,25.05,45.525,26.95,47.075,1.9,1.55,2.945,2,GND;NetR_LIM_2,\XBDBQAEM
R_MCU_BOOT0_PD,MCU_sheet,FP-RT0402-MFG,Top,68.0,49.1,270,67.189,48.15,68.8,50.05,1.611,1.9,3.061,2,GND;MCU_BOOT0,\VDIEWLTB
R_NRST,MCU_sheet,FP-RT0402-MFG,Top,61.0,39.0,180,60.05,38.2,61.95,39.811,1.9,1.611,3.061,2,3V3_DIG;MCU_NRST,\QJKCHWBH
R_PGOOD,Power_tree_design,RESC1005X40X25ML05T10,Top,24.2,42.1,90,23.625,41.025,24.775,43.175,1.15,2.15,2.472,2,3V3_DIG;USB_PGOOD_N,\EFWQJZYR
R_SCL,Power_tree_design,FP-CRCW0402-e3-IPC_B,Top,25.0,37.8,0,24.0138,37.0138,25.9862,38.5862,1.972,1.572,3.101,2,3V3_DIG;I2C_SCL,\ZJWQWTCI
R_SDA,Power_tree_design,FP-CRCW0402-e3-IPC_B,Top,25.0,38.8,0,24.0138,38.0138,25.9862,39.5862,1.972,1.572,3.101,2,3V3_DIG;I2C_SDA,\VKNWNXOB
R_SHDN_G,Power_tree_design,FP-AT0402-IPC_A,Top,42.8,50.8,0,41.6439,49.9638,43.9561,51.6362,2.312,1.672,3.867,2,MCU_SHUTDOWN;NetQ_SHDN_1,\QHLZMLVE
R_SHDN_PD,Power_tree_design,FP-AC0402-MFG,Top,42.8,52.0,0,41.85,51.225,43.75,52.775,1.9,1.55,2.945,2,GND;NetQ_SHDN_1,\RXBFSGOA
R_SPI_CS,MCU_sheet,RES_ERJ2RKF22R0X,Top,71.4,30.05,90,70.875,29.025,71.925,31.075,1.05,2.05,2.152,2,MCU_WIFI_CS;WIFI_SPI_CS,\SNTSEMSL
R_SPI_MISO,MCU_sheet,RES_ERJ2RKF22R0X,Top,43.0,53.2,180,41.975,52.675,44.025,53.725,2.05,1.05,2.153,2,MCU_SPI_MISO;WIFI_SPI_MISO,\FDPXAZPM
R_SPI_MOSI,MCU_sheet,RES_ERJ2RKF22R0X,Top,70.0,30.05,90,69.475,29.025,70.525,31.075,1.05,2.05,2.153,2,MCU_SPI_MOSI;WIFI_SPI_MOSI,\SJCHDUPS
R_SPI_SCK,MCU_sheet,RES_ERJ2RKF22R0X,Top,68.6,30.05,90,68.075,29.025,69.125,31.075,1.05,2.05,2.152,2,MCU_SPI_SCK;WIFI_SPI_CLK,\OHVPHCBD
R_TH_BAT,Power_tree_design,EMG_REMOTE_NTC_TERMINALS_2P,Top,14.2,38.7,0,12.355,38.125,16.045,39.275000000000006,3.69,1.15,4.244,2,BAT_TEMP;GND,\ZLRLAHMN
R_TMR,Power_tree_design,RESC1005X40X25ML05T10,Top,27.4,47.6,90,26.825,46.525,27.975,48.675,1.15,2.15,2.473,2,GND;NetR_TMR_2,\QYGIVNSS
R_TS_BOTTOM,Power_tree_design,RESC1005X40X25NL05T10,Top,22.9,49.5,90,22.425,48.575,23.375,50.425,0.95,1.85,1.757,2,BAT_TEMP;GND,\IGQWSYEF
R_TS_SER,Power_tree_design,FP-AC0402-MFG,Top,22.5,48.2,0,21.55,47.425,23.45,48.975,1.9,1.55,2.945,2,BAT_TEMP;TS,\NAFFNVVJ
R_TS_TOP,Power_tree_design,RESC1005X40X25NL05T10,Top,22.0,49.6,90,21.525,48.675,22.475,50.525,0.95,1.85,1.758,2,BAT_TEMP;VBUS,\XVULIBXW
R_VREF1,Analog_Shared,RES_ERA2AEB680X,Top,30.2,30.2,90,29.675,29.175,30.725,31.225,1.05,2.05,2.153,2,NetJ_FPC1_8;VREF_B_SRC,\QFKDQFCI
R_VREF2,Analog_Shared,RES_ERA2AEB680X,Top,32.0,31.4,90,31.475,30.375,32.525,32.425,1.05,2.05,2.152,2,NetJ_FPC2_8;VREF_B_SRC,\JMOUPRZI
R_VREF3,Analog_Shared,RES_ERA2AEB680X,Top,33.8,31.4,90,33.275,30.375,34.325,32.425,1.05,2.05,2.153,2,NetJ_FPC3_8;VREF_B_SRC,\JVORZKQG
R_VREF4,Analog_Shared,RES_ERA2AEB680X,Top,36.1,31.0,90,35.575,29.975,36.625,32.025,1.05,2.05,2.152,2,NetJ_FPC4_8;VREF_B_SRC,\AUHMVSOL
R_VREF5,Analog_Shared,RES_ERA2AEB680X,Top,37.4,30.2,90,36.875,29.175,37.925,31.225,1.05,2.05,2.152,2,NetJ_FPC5_8;VREF_B_SRC,\BBZTKGIX
R_WIFI_BOOT_OVR,MCU_sheet,RESC1005X40N,Top,80.5,23.0,0,79.51,22.425,81.49,23.575,1.98,1.15,2.277,2,3V3_DIG;NetJP_WIFI_BOOT_1,\JHBKEAOF
R_WIFI_BOOT_PD,MCU_sheet,FP-RT0402-MFG,Top,42.8,48.8,0,41.85,47.989,43.75,49.6,1.9,1.611,3.061,2,GND;WIFI_BOOT,\RVSVFDEJ
R_WIFI_CS_PD,MCU_sheet,FP-RT0402-MFG,Top,60.6,52.7,90,59.8,51.75,61.411,53.65,1.611,1.9,3.061,2,GND;WIFI_SPI_CS,\QTYCRYBX
R_WIFI_EN_PD,MCU_sheet,FP-RT0402-MFG,Top,59.7,45.0,90,58.9,44.05,60.511,45.95,1.611,1.9,3.061,2,GND;WIFI_CHIP_EN,\FVUSOYNM
R_WIFI_UART_RX_LINK,MCU_sheet,RESC1005X40X25LL05T05,Top,82.0,29.0,0,81.225,28.575,82.775,29.425,1.55,0.85,1.318,2,MCU_WIFI_UART_RX;WIFI_UART_TX,\CIDDSZKB
R_WIFI_UART_TX_LINK,MCU_sheet,RESC1005X40X25LL05T05,Top,82.0,32.0,0,81.225,31.575,82.775,32.425,1.55,0.85,1.318,2,MCU_WIFI_UART_TX;WIFI_UART_RX,\RWADYVLY
R_WIFI_X32_IN,MCU_sheet,RESC1005X40X25LL05T05,Top,52.235,41.2,90,51.81,40.425,52.66,41.975,0.85,1.55,1.317,2,NetC_WIFI_X32_IN_2;WIFI_X32_RAW_IN,\AQDTTYJJ
R_WIFI_X32_OUT,MCU_sheet,RESC1005X40X25LL05T05,Top,50.965,41.2,90,50.54,40.425,51.39,41.975,0.85,1.55,1.318,2,NetC_WIFI_X32_OUT_2;WIFI_X32_RAW_OUT,\HWQTGBHH
R_ref,Analog_Shared,FP-AC0402-MFG,Top,16.5,21.4,0,15.55,20.625,17.45,22.175,1.9,1.55,2.945,2,NetJ_REF_1;VREF_B_SRC,\RHCQBFUS
Rservo_1,AFE_Channel_1,RESC1005X40X25NL05T10,Top,20.2,24.2,180,19.275,23.725,21.125,24.675,1.85,0.95,1.758,2,INA_OUT_1;NetCservo_1_1,\PSZVEKRQ
Rservo_2,AFE_Channel_2,RESC1005X40X25NL05T10,Top,37.2,23.2,180,36.275,22.725,38.125,23.675,1.85,0.95,1.758,2,INA_OUT_2;NetCservo_2_1,\DEQBHYPW
Rservo_3,AFE_Channel_3,RESC1005X40X25NL05T10,Top,46.8,28.8,0,45.875,28.325,47.725,29.275,1.85,0.95,1.758,2,INA_OUT_3;NetCservo_3_1,\DDDUPUBM
Rservo_4,AFE_Channel_4,RESC1005X40X25NL05T10,Top,58.4,20.8,180,57.475,20.325,59.325,21.275,1.85,0.95,1.758,2,INA_OUT_4;NetCservo_4_1,\CUKOCDYB
Rservo_5,AFE_Channel_5,RESC1005X40X25NL05T10,Top,68.8,27.6,0,67.875,27.125,69.725,28.075,1.85,0.95,1.757,2,INA_OUT_5;NetCservo_5_1,\UKEROLLK
TP_GND,MCU_sheet,TP_5021,Top,86.0,26.0,90,84.96,24.455,87.04,27.545,2.08,3.09,6.427,1,GND,\MHVJUVGG
TP_MCU_BOOT0,MCU_sheet,TP_5021,Top,82.0,20.0,90,80.96,18.455,83.04,21.545,2.08,3.09,6.427,1,MCU_BOOT0,\NNKBKDEF
TP_WIFI_BOOT,MCU_sheet,TP_5021,Top,86.0,23.0,90,84.96,21.455,87.04,24.545,2.08,3.09,6.427,1,WIFI_BOOT,\EJNJMUWS
TP_WIFI_CHIP_EN,MCU_sheet,TP_5021,Top,86.0,20.0,90,84.96,18.455,87.04,21.545,2.08,3.09,6.427,1,WIFI_CHIP_EN,\AWUTTQUS
TP_WIFI_UART_RX,MCU_sheet,TP_5021,Top,86.0,32.0,90,84.96,30.455,87.04,33.545,2.08,3.09,6.427,1,WIFI_UART_RX,\YLIAAGMA
TP_WIFI_UART_TX,MCU_sheet,TP_5021,Top,86.0,29.0,90,84.96,27.455,87.04,30.545,2.08,3.09,6.427,1,WIFI_UART_TX,\VIKGRCCI
U1,AFE_Channel_1,TSSOP-ST14_N,Top,25.0,27.0,0,21.025,24.175,28.975,29.925,7.95,5.75,45.713,14,3V0_ANA;GND;NetCH_1_2;NetCservo_1_1;VDiv;VOUT_1;VREF_A;VREF_B_SRC;Vservo_1,\QOKRMXJP
U2,AFE_Channel_2,TSSOP-ST14_N,Top,42.0,26.0,0,38.025,23.175,45.975,28.925,7.95,5.75,45.713,14,3V0_ANA;GND;NetCH_2_2;NetCH_3_2;NetCservo_2_1;NetCservo_3_1;VOUT_2;VOUT_3;VREF_A;Vservo_2;Vservo_3,\CKMXBZMJ
U3,AFE_Channel_4,TSSOP-ST14_N,Top,64.0,24.8,0,60.025,21.975,67.975,27.725,7.95,5.75,45.712,14,3V0_ANA;GND;NetCH_4_2;NetCH_5_2;NetCservo_4_1;NetCservo_5_1;VOUT_4;VOUT_5;VREF_A;Vservo_4;Vservo_5,\KZGSLJKL
UP1,Power_tree_design,RGT0016C_V,Top,23.0,45.0,0,20.525,42.975,25.025,47.51,4.5,4.535,20.407,18,GND;NetLED_CHG_C;NetRISET_1;NetR_EN1_BIAS_2;NetR_LIM_2;NetR_TMR_2;TS;USB_PGOOD_N;VBAT_CELL;VBUS;VSYS,\YKMTSZTB
UP2,Power_tree_design,SOT50P160X60-8N,Top,34.0,45.0,270,32.675,43.66,35.325,48.595,2.65,4.935,13.078,8,3V3_DIG;GND;NetCUP4_FB_1;NetL1_1;NetL1_2;SYS_EN;VSYS,\EVAFRUDB
UP3,Power_tree_design,FP-DBV0005A-IPC_C,Top,38.5,34.4,0,35.9219,32.75,40.3531,36.51,4.431,3.76,16.661,5,3V0_ANA;3V3_DIG;AFE_EN;GND,\ENLJXAQB
UP4,Power_tree_design,SON50P200X200X80-9N,Top,22.6,37.5,0,20.455,36.175,24.24,38.825,3.785,2.65,10.03,9,FG_ALRT;GND;I2C_SCL;I2C_SDA;VBAT_CELL,\ZDTOIZKI
U_DRL1,Analog_Shared,EMG_MCP6401_SOT23_5,Bottom,22.0,31.0,90,20.05,28.4219,23.95,32.8531,3.9,4.431,17.282,5,3V0_ANA;DRL_AMP_OUT;DRL_SUM;GND;VREF_B_SRC,\CFETKXYL
U_EN1,Power_tree_design,LT-TS8-8-TSOT-23_V,Top,34.0,51.2,0,31.33,49.4,36.22,53.176,4.89,3.776,18.465,8,GND;KILL_CTRL;MCU_PWR_INT_N;NetC1_EN1_2;NetC2_EN1_1;NetC3_EN1_2;NetPWR_BTN_N_A;SYS_EN,\DVFTQBLP
U_MCU1,MCU_sheet,QFP50P1600X1600X160-100N,Top,71.0,39.5,0,62.25,30.75,79.75,48.25,17.5,17.5,306.25,100,3V0_ANA;3V3_DIG;ADC_EMG1;ADC_EMG2;ADC_EMG3;ADC_EMG4;ADC_EMG5;AFE_EN;FG_ALRT;GND;I2C_SCL;I2C_SDA;MCU_BOOT0;MCU_NRST;MCU_PWR_INT_N;MCU_SHUTDOWN;MCU_SPI_MISO;MCU_SPI_MOSI;MCU_SPI_SCK;MCU_SWCLK;MCU_SWDIO;MCU_VCAP;MCU_WIFI_CS;MCU_WIFI_UART_RX;MCU_WIFI_UART_TX;USB_PGOOD_N;WIFI_BOOT;WIFI_CHIP_EN;WIFI_SPI_RDY,\FKRKTDLG
U_UV1,Power_tree_design,DBV0006A_L,Top,30.0,38.2,0,28.225,36.525,31.775,40.225,3.55,3.7,13.135,6,GND;SYS_EN;VSYS,\WHQRJQJM
U_WIFI1,MCU_sheet,ST67W611M1A6BTR,Top,50.0,50.8,0,42.48,41.11,57.52,60.49,15.04,19.38,291.475,36,3V3_DIG;GND;WIFI_BOOT;WIFI_CHIP_EN;WIFI_SPI_CLK;WIFI_SPI_CS;WIFI_SPI_MISO;WIFI_SPI_MOSI;WIFI_SPI_RDY;WIFI_UART_RX;WIFI_UART_TX;WIFI_X32_RAW_IN;WIFI_X32_RAW_OUT,\SHCDGROH
X_WIFI_32K,MCU_sheet,EMG_FC135_3215_2P,Top,51.6,39.3,180,48.8,37.35,54.4,41.25,5.6,3.9,21.84,2,NetC_WIFI_X32_IN_2;NetC_WIFI_X32_OUT_2,\YXUYAHMA
