designator,sheet,footprint,x,y,rot,model_height_mm,src_uid
C1_EN1,Power_tree_design,FP-GRM155-0_05-IPC_C,75.6099,43.35,180,0.552,\KWJFQQPD
C2_EN1,Power_tree_design,FP-CC0402-MFG,75.51,39.95,0,0.55,\AUBOOCXZ
C3_EN1,Power_tree_design,FP-CC0402-MFG,70.31,41.95,0,0.55,\BRZQATAL
CU6_1,Power_tree_design,FP-GRM155-0_05-IPC_C,24.66,35.975,180,0.552,\UFCUTPNQ
C_DRL_DEC,Analog_Shared,EMG_DRL_C0402,17.0,30.2,90,0.552,\EDUIKKDR
C_DRL_FB,Analog_Shared,EMG_DRL_C0402,23.45,33.05,90,0.552,\XCYGPLDA
C_UV_BYPASS,Power_tree_design,FP-GRM155-0_05-IPC_C,25.9806,45.6,180,0.552,\PQCLWCZB
C_WIFI_BULK,MCU_sheet,FP-GRM219-0_2-0_1-IPC_A,56.5,43.3,90,0.953,\MUJTZXJA
Q_SHDN,Power_tree_design,FP-318-08-IPC_B,67.41,41.95,0,1.111,\UKRIVBCR
R_AL,Power_tree_design,FP-AT0402-IPC_A,19.66,35.475,180,0.351,\KHERGLLP
R_DRL_FB,Analog_Shared,EMG_DRL_R0603,23.45,30.2,90,no 3D body,\EIJHLSNJ
R_DRL_OUT1,Analog_Shared,EMG_DRL_R0603,14.0,29.5,0,no 3D body,\SMIJZRZG
R_DRL_OUT2,Analog_Shared,EMG_DRL_R0603,14.0,31.3,0,no 3D body,\QLOEDQON
R_DRL_SEL,Analog_Shared,EMG_DRL_R0603,11.9,21.7,0,no 3D body,\DMIZMQOS
R_DRL_VA1,Analog_Shared,EMG_DRL_R0603,12.5,23.5,0,no 3D body,\RIFJGQGL
R_DRL_VA2,Analog_Shared,EMG_DRL_R0603,15.85,23.5,0,no 3D body,\MVYFQFIQ
R_DRL_VA3,Analog_Shared,EMG_DRL_R0603,19.2,23.5,0,no 3D body,\UBNLRAIB
R_DRL_VA4,Analog_Shared,EMG_DRL_R0603,22.55,23.5,0,no 3D body,\ADWZPFZU
R_DRL_VA5,Analog_Shared,EMG_DRL_R0603,25.9,23.5,0,no 3D body,\SHYIMMPG
R_DRL_VB1,Analog_Shared,EMG_DRL_R0603,12.5,25.3,0,no 3D body,\LZLPZBNE
R_DRL_VB2,Analog_Shared,EMG_DRL_R0603,15.85,25.3,0,no 3D body,\QVAUFHQD
R_DRL_VB3,Analog_Shared,EMG_DRL_R0603,19.2,25.3,0,no 3D body,\OJYINECL
R_DRL_VB4,Analog_Shared,EMG_DRL_R0603,22.55,25.3,0,no 3D body,\IHMMSDCU
R_DRL_VB5,Analog_Shared,EMG_DRL_R0603,25.9,25.3,0,no 3D body,\GLRUZBWG
R_DRL_VC1,Analog_Shared,EMG_DRL_R0603,12.5,27.1,0,no 3D body,\IHATGGJF
R_DRL_VC2,Analog_Shared,EMG_DRL_R0603,15.85,27.1,0,no 3D body,\EAWUJWHA
R_DRL_VC3,Analog_Shared,EMG_DRL_R0603,19.2,27.1,0,no 3D body,\XXOACUDZ
R_DRL_VC4,Analog_Shared,EMG_DRL_R0603,22.55,27.1,0,no 3D body,\HGWJYRWC
R_DRL_VC5,Analog_Shared,EMG_DRL_R0603,25.9,27.1,0,no 3D body,\AGXVAPNG
R_EN,Power_tree_design,FP-AC0402-MFG,27.6806,48.8,180,0.37,\HYXOCZMX
R_EN1_1,Power_tree_design,FP-RC0402-0_4-IPC_A,75.41,44.25,180,0.4,\TTIIGMKO
R_EN_PD,Power_tree_design,FP-AC0402-IPC_A,34.4,31.6,180,0.373,\LCJTGOVC
R_INT_PULLUP,Power_tree_design,FP-AT0402-IPC_A,70.51,39.75,0,0.351,\KYNUZFOC
R_KILL_PU,Power_tree_design,FP-AT0402-IPC_A,70.51,43.45,180,0.351,\SCZGXJMM
R_PGOOD,Power_tree_design,RESC1005X40X25ML05T10,27.5,38.6,90,0.4,\EFWQJZYR
R_SCL,Power_tree_design,FP-CRCW0402-e3-IPC_B,19.86,36.575,180,0.4,\ZJWQWTCI
R_SDA,Power_tree_design,FP-CRCW0402-e3-IPC_B,19.86,37.575,180,0.4,\VKNWNXOB
R_SHDN_G,Power_tree_design,FP-AT0402-IPC_A,64.6099,41.25,180,0.351,\QHLZMLVE
R_SHDN_PD,Power_tree_design,FP-AC0402-MFG,64.6099,42.45,180,0.37,\RXBFSGOA
R_WIFI_BOOT_OVR,MCU_sheet,RESC1005X40N,81.2,13.5,180,0.35,\JHBKEAOF
UP4,Power_tree_design,SON50P200X200X80-9N,22.2599,36.275,180,0.8,\ZDTOIZKI
U_DRL1,Analog_Shared,EMG_MCP6401_SOT23_5,20.0,31.0,90,1.451,\CFETKXYL
U_EN1,Power_tree_design,LT-TS8-8-TSOT-23_V,73.41,41.65,180,1.0,\DVFTQBLP
U_UV1,Power_tree_design,DBV0006A_L,28.6806,44.5,180,1.109,\WHQRJQJM
