designator,src_uid,group,sheet,b_side,b_x,b_y,b_rot,c2_side,c2_x,c2_y,c2_rot,side_changed,footprint,footprint_changed,height_mm,reason
C1_EN1,\KWJFQQPD,PB_CTRL,Power_tree_design,Bottom,75.6099,43.35,180.0,Bottom,64.6899,39.35,180.0,,FP-GRM155-0_05-IPC_C,,0.552,"pushbutton controller (Bottom) under the STM32, rigid with it"
C1_MCU,\KNSGXSGY,MCU,MCU_sheet,Top,59.5,37.1,180.0,Top,48.58,33.1,180.0,,FP-GRM155-0_05-IPC_C,,0.254,"STM32 block: B local layout incl. ADC/VCAP/bypass, rigid translation"
C2_EN1,\AUBOOCXZ,PB_CTRL,Power_tree_design,Bottom,75.51,39.95,0.0,Bottom,64.59,35.95,0.0,,FP-CC0402-MFG,,0.55,"pushbutton controller (Bottom) under the STM32, rigid with it"
C2_MCU,\TSGCAGJY,MCU,MCU_sheet,Top,57.5,37.1,0.0,Top,46.58,33.1,0.0,,*MURATA_GRM155C71C105KE11D_0,,0.6,"STM32 block: B local layout incl. ADC/VCAP/bypass, rigid translation"
C3_EN1,\BRZQATAL,PB_CTRL,Power_tree_design,Bottom,70.31,41.95,0.0,Bottom,59.39,37.95,0.0,,FP-CC0402-MFG,,0.55,"pushbutton controller (Bottom) under the STM32, rigid with it"
C3_MCU,\TDOPZFWR,MCU,MCU_sheet,Top,59.5,35.8,180.0,Top,48.58,31.8,180.0,,FP-GRM155-0_05-IPC_C,,0.254,"STM32 block: B local layout incl. ADC/VCAP/bypass, rigid translation"
C4_MCU,\WPXKGRZF,MCU,MCU_sheet,Top,57.5,35.8,0.0,Top,46.58,31.8,0.0,,*MURATA_GRM155C71C105KE11D_0,,0.6,"STM32 block: B local layout incl. ADC/VCAP/bypass, rigid translation"
CCU1,\DPDOLLAJ,AFE,AFE_Channel_1,Top,22.55,20.55,0.0,Top,21.25,20.55,0.0,,FP-GRM155-0_05-IPC_C,,0.254,"channel input stage: B template translated to the 10.8 mm BK13 pitch (Top, unchanged internally)"
CCU10,\PGDJRIFP,AFE,AFE_Channel_5,Top,74.55,20.55,0.0,Top,64.45,20.55,0.0,,FP-GRM155-0_05-IPC_C,,0.254,"channel input stage: B template translated to the 10.8 mm BK13 pitch (Top, unchanged internally)"
CCU2,\MFMCRQQU,AFE,AFE_Channel_1,Top,22.55,19.55,180.0,Top,21.25,19.55,180.0,,*MURATA_GRM155C71C105KE11D_0,,0.6,"channel input stage: B template translated to the 10.8 mm BK13 pitch (Top, unchanged internally)"
CCU3,\CIMHMRWX,AFE,AFE_Channel_2,Top,35.55,19.55,180.0,Top,32.05,19.55,180.0,,*MURATA_GRM155C71C105KE11D_0,,0.6,"channel input stage: B template translated to the 10.8 mm BK13 pitch (Top, unchanged internally)"
CCU4,\PJWUZVFE,AFE,AFE_Channel_2,Top,35.55,20.55,0.0,Top,32.05,20.55,0.0,,FP-GRM155-0_05-IPC_C,,0.254,"channel input stage: B template translated to the 10.8 mm BK13 pitch (Top, unchanged internally)"
CCU5,\PYTUSSRE,AFE,AFE_Channel_3,Top,48.55,19.55,180.0,Top,42.85,19.55,180.0,,*MURATA_GRM155C71C105KE11D_0,,0.6,"channel input stage: B template translated to the 10.8 mm BK13 pitch (Top, unchanged internally)"
CCU6,\EIDXTRHR,AFE,AFE_Channel_3,Top,48.55,20.55,0.0,Top,42.85,20.55,0.0,,FP-GRM155-0_05-IPC_C,,0.254,"channel input stage: B template translated to the 10.8 mm BK13 pitch (Top, unchanged internally)"
CCU7,\KKLEFVPX,AFE,AFE_Channel_4,Top,61.55,19.55,180.0,Top,53.65,19.55,180.0,,*MURATA_GRM155C71C105KE11D_0,,0.6,"channel input stage: B template translated to the 10.8 mm BK13 pitch (Top, unchanged internally)"
CCU8,\XTYCAQJK,AFE,AFE_Channel_4,Top,61.55,20.55,0.0,Top,53.65,20.55,0.0,,FP-GRM155-0_05-IPC_C,,0.254,"channel input stage: B template translated to the 10.8 mm BK13 pitch (Top, unchanged internally)"
CCU9,\MBHOTVHO,AFE,AFE_Channel_5,Top,74.55,19.55,180.0,Top,64.45,19.55,180.0,,*MURATA_GRM155C71C105KE11D_0,,0.6,"channel input stage: B template translated to the 10.8 mm BK13 pitch (Top, unchanged internally)"
CH_1,\MIJCOZNW,AFE,AFE_Channel_1,Top,17.5,28.625,270.0,Bottom,20.1,21.95,270.0,Y,CAPC1005X55N,,0.55,op-amp package-aware group on Bottom directly under its channels (servo/post-amp at their pins)
CH_2,\VTQJFIQM,AFE,AFE_Channel_2,Top,34.5,27.625,270.0,Bottom,30.6,18.85,270.0,Y,CAPC1005X55N,,0.55,op-amp package-aware group on Bottom directly under its channels (servo/post-amp at their pins)
CH_3,\BHEIABIF,AFE,AFE_Channel_3,Top,45.5,24.375,90.0,Bottom,41.6,21.95,270.0,Y,CAPC1005X55N,,0.55,op-amp package-aware group on Bottom directly under its channels (servo/post-amp at their pins)
CH_4,\VBHITULI,AFE,AFE_Channel_4,Top,56.5,26.425,270.0,Bottom,52.2,18.85,270.0,Y,CAPC1005X55N,,0.55,op-amp package-aware group on Bottom directly under its channels (servo/post-amp at their pins)
CH_5,\SDBPLGOM,AFE,AFE_Channel_5,Top,67.5,23.175,90.0,Bottom,63.2,21.95,270.0,Y,CAPC1005X55N,,0.55,op-amp package-aware group on Bottom directly under its channels (servo/post-amp at their pins)
CL_1,\GNLAPLDE,AFE,AFE_Channel_1,Top,14.1,30.5,0.0,Bottom,21.0,24.75,0.0,Y,CAPC2013X135X45ML10T25,,1.35,op-amp package-aware group on Bottom directly under its channels (servo/post-amp at their pins)
CL_2,\WSSOZXTJ,AFE,AFE_Channel_2,Top,31.1,29.5,0.0,Bottom,29.7,16.05,180.0,Y,CAPC2013X135X45ML10T25,,1.35,op-amp package-aware group on Bottom directly under its channels (servo/post-amp at their pins)
CL_3,\TMGHLPAL,AFE,AFE_Channel_3,Top,49.7,23.7,180.0,Bottom,42.5,24.75,0.0,Y,CAPC2013X135X45ML10T25,,1.35,op-amp package-aware group on Bottom directly under its channels (servo/post-amp at their pins)
CL_4,\KJVBWSRF,AFE,AFE_Channel_4,Top,53.1,28.3,0.0,Bottom,51.3,16.05,180.0,Y,CAPC2013X135X45ML10T25,,1.35,op-amp package-aware group on Bottom directly under its channels (servo/post-amp at their pins)
CL_5,\YBRHADYL,AFE,AFE_Channel_5,Top,68.5,20.5,180.0,Bottom,64.1,24.75,0.0,Y,CAPC2013X135X45ML10T25,,1.35,op-amp package-aware group on Bottom directly under its channels (servo/post-amp at their pins)
CU6_1,\UFCUTPNQ,GAUGE,Power_tree_design,Bottom,24.66,35.975,180.0,Bottom,22.16,31.975,180.0,,FP-GRM155-0_05-IPC_C,,0.552,fuel gauge (Bottom) near the battery header
CUP4,\TDBSYUJF,CONVERTER,Power_tree_design,Top,36.6,40.75,270.0,Bottom,48.2119,40.4335,270.0,Y,FP-GRM219-0_2-0_1-IPC_A,,0.953,"TPS631000 cell flipped whole (B hot loop) under the STM32, clear of ST67 vias/crystal/antenna/ADC corner"
CUP4_1,\OCTWYPFX,CONVERTER,Power_tree_design,Top,31.4,40.75,270.0,Bottom,53.4119,40.4335,270.0,Y,FP-GCM21B-0_2-e0_2_0_7-MFG,,1.451,"TPS631000 cell flipped whole (B hot loop) under the STM32, clear of ST67 vias/crystal/antenna/ADC corner"
CUP4_FB,\XDRNRJCW,CONVERTER,Power_tree_design,Top,35.3,37.45,0.0,Bottom,49.5119,37.1335,180.0,Y,CAPC1005X55X25LL05T10,,0.55,"TPS631000 cell flipped whole (B hot loop) under the STM32, clear of ST67 vias/crystal/antenna/ADC corner"
CUP5_1,\KRWEPBDB,LDO,Power_tree_design,Top,33.9,34.6,180.0,Bottom,37.85,29.3375,0.0,Y,*MURATA_GRM155C71C105KE11D_0,,0.6,TPS7A2030 cell flipped whole to the power/analog boundary
CUP5_2,\ALYAKZJE,LDO,Power_tree_design,Top,39.2,34.6,180.0,Bottom,32.55,29.3375,0.0,Y,*MURATA_GRM155C71C105KE11D_0,,0.6,TPS7A2030 cell flipped whole to the power/analog boundary
CUP5_3,\GUCDCQUU,LDO,Power_tree_design,Top,40.0,33.0,180.0,Bottom,31.75,27.7375,0.0,Y,FP-GCM21B-0_2-e0_2_0_7-MFG,,1.451,TPS7A2030 cell flipped whole to the power/analog boundary
CUP5_5,\ZEQWUVAB,LDO,Power_tree_design,Top,33.5,36.2,180.0,Bottom,38.25,30.9375,0.0,Y,FP-GCM21B-0_2-e0_2_0_7-MFG,,1.451,TPS7A2030 cell flipped whole to the power/analog boundary
CU_11,\QTDZGZYC,AFE,AFE_Channel_1,Top,18.3,27.0,0.0,Bottom,19.3,19.85,0.0,Y,FP-GRM155-0_05-IPC_C,,0.552,op-amp package-aware group on Bottom directly under its channels (servo/post-amp at their pins)
CU_12,\KZHXEMRX,AFE,AFE_Channel_2,Top,35.3,26.0,0.0,Bottom,31.4,20.95,180.0,Y,FP-GRM155-0_05-IPC_C,,0.552,op-amp package-aware group on Bottom directly under its channels (servo/post-amp at their pins)
CU_14,\HFAFTJTT,AFE,AFE_Channel_4,Top,57.3,24.8,0.0,Bottom,53.0,20.95,180.0,Y,FP-GRM155-0_05-IPC_C,,0.552,op-amp package-aware group on Bottom directly under its channels (servo/post-amp at their pins)
CU_21,\HBLBLIXO,AFE,AFE_Channel_1,Top,16.7,27.0,180.0,Bottom,21.05,19.85,0.0,Y,*MURATA_GRM155C71C105KE11D_0,,0.6,op-amp package-aware group on Bottom directly under its channels (servo/post-amp at their pins)
CU_22,\QFBGIYQT,AFE,AFE_Channel_2,Top,33.7,26.0,180.0,Bottom,29.65,20.95,180.0,Y,*MURATA_GRM155C71C105KE11D_0,,0.6,op-amp package-aware group on Bottom directly under its channels (servo/post-amp at their pins)
CU_24,\PSMZMIOA,AFE,AFE_Channel_4,Top,55.7,24.8,180.0,Bottom,51.25,20.95,180.0,Y,*MURATA_GRM155C71C105KE11D_0,,0.6,op-amp package-aware group on Bottom directly under its channels (servo/post-amp at their pins)
C_ADC1,\CWYZJILP,ADC_RC,MCU_sheet,Top,58.3,34.1,180.0,Top,47.38,30.1,180.0,,FP-GRM155-0_15-IPC_A,,0.254,ADC RC networks: rigid with the STM32 block
C_ADC2,\ECVYCTDZ,ADC_RC,MCU_sheet,Top,58.3,32.45,180.0,Top,47.38,28.45,180.0,,FP-GRM155-0_15-IPC_A,,0.254,ADC RC networks: rigid with the STM32 block
C_ADC3,\CNHMIMHQ,ADC_RC,MCU_sheet,Top,58.3,30.8,180.0,Top,47.38,26.8,180.0,,FP-GRM155-0_15-IPC_A,,0.254,ADC RC networks: rigid with the STM32 block
C_ADC4,\IWHUAAYK,ADC_RC,MCU_sheet,Top,62.6,29.4,270.0,Top,51.68,25.4,270.0,,FP-GRM155-0_15-IPC_A,,0.254,ADC RC networks: rigid with the STM32 block
C_ADC5,\BBGOTLNQ,ADC_RC,MCU_sheet,Top,65.5,29.4,90.0,Top,54.58,25.4,90.0,,FP-GRM155-0_15-IPC_A,,0.254,ADC RC networks: rigid with the STM32 block
C_BAT,\IENRODLZ,CHARGER,Power_tree_design,Top,19.5,42.0,180.0,Bottom,13.8832,42.0793,0.0,Y,FP-GCM21B-0_2-e0_2_0_7-MFG,,1.451,charger cell on Bottom; UP1 exposed-pad vias under the grounded USB-C shell
C_DRL_DEC,\EDUIKKDR,AFE,Analog_Shared,Bottom,17.0,30.2,90.0,Bottom,13.5058,14.528,0.0,,EMG_DRL_C0402,,0.552,"DNP DRL provision kept physically, Bottom under the sockets / J_REF"
C_DRL_FB,\XCYGPLDA,AFE,Analog_Shared,Bottom,23.45,33.05,90.0,Bottom,13.5423,13.6759,0.0,,EMG_DRL_C0402,,0.552,"DNP DRL provision kept physically, Bottom under the sockets / J_REF"
C_IN_,\ZMESUDIN,CHARGER,Power_tree_design,Top,23.75,43.75,180.0,Bottom,14.35,36.4,0.0,Y,*MURATA_GRM155C71C105KE11D_0,,0.6,charger cell on Bottom; UP1 exposed-pad vias under the grounded USB-C shell
C_MCU_BULK,\XNGEFMHP,MCU,MCU_sheet,Top,78.75,47.9,90.0,Top,67.83,43.9,90.0,,FP-GCM21B-0_2-e0_2_0_7-MFG,,0.254,"STM32 block: B local layout incl. ADC/VCAP/bypass, rigid translation"
C_MCU_VDD1,\QBPNORLY,MCU,MCU_sheet,Top,59.2,40.5,0.0,Top,48.28,36.5,0.0,,FP-GRM155-0_05-IPC_C,,0.254,"STM32 block: B local layout incl. ADC/VCAP/bypass, rigid translation"
C_MCU_VDD2,\BIEOJUNV,MCU,MCU_sheet,Top,64.0,29.7,90.0,Top,53.08,25.7,90.0,,FP-GRM155-0_05-IPC_C,,0.254,"STM32 block: B local layout incl. ADC/VCAP/bypass, rigid translation"
C_MCU_VDD3,\AUVFQSTI,MCU,MCU_sheet,Top,76.0,29.9,90.0,Top,65.08,25.9,90.0,,FP-GRM155-0_05-IPC_C,,0.254,"STM32 block: B local layout incl. ADC/VCAP/bypass, rigid translation"
C_MCU_VDD4,\ABSRTBCD,MCU,MCU_sheet,Top,78.7,45.5,0.0,Top,67.78,41.5,0.0,,FP-GRM155-0_05-IPC_C,,0.254,"STM32 block: B local layout incl. ADC/VCAP/bypass, rigid translation"
C_MCU_VDD5,\OOSRRHMX,MCU,MCU_sheet,Top,63.0,49.03,0.0,Top,52.08,45.03,0.0,,FP-GRM155-0_05-IPC_C,,0.254,"STM32 block: B local layout incl. ADC/VCAP/bypass, rigid translation"
C_NRST,\UTOMCBIX,MCU,MCU_sheet,Top,57.1,39.0,180.0,Top,46.18,35.0,180.0,,FP-GRM155-0_05-IPC_C,,0.254,"STM32 block: B local layout incl. ADC/VCAP/bypass, rigid translation"
C_OUT_,\PIABGTTK,CHARGER,Power_tree_design,Top,26.4,41.4,0.0,Bottom,16.6,39.65,90.0,Y,FP-GCM21B-0_2-e0_2_0_7-MFG,,1.451,charger cell on Bottom; UP1 exposed-pad vias under the grounded USB-C shell
C_UV_BYPASS,\PQCLWCZB,SUPERVISOR,Power_tree_design,Bottom,25.9806,45.6,180.0,Bottom,45.3983,41.6423,0.0,,FP-GRM155-0_05-IPC_C,,0.552,supervisor (Bottom) beside the converter
C_VBAT,\DLLJRIAK,MCU,MCU_sheet,Top,59.2,43.0,0.0,Top,48.28,39.0,0.0,,FP-GRM155-0_05-IPC_C,,0.254,"STM32 block: B local layout incl. ADC/VCAP/bypass, rigid translation"
C_VBUS,\IBSDRNQP,USB_IN,Power_tree_design,Top,18.7,40.6,0.0,Top,18.7,36.6,0.0,,*MURATA_GRM155C71C105KE11D_0,,0.6,"USB-C + protection: rigid, left edge"
C_VDDUSB,\CFQZTGVX,MCU,MCU_sheet,Top,78.7,44.1,0.0,Top,67.78,40.1,0.0,,FP-GRM155-0_05-IPC_C,,0.254,"STM32 block: B local layout incl. ADC/VCAP/bypass, rigid translation"
C_WIFI_BULK,\MUJTZXJA,WIFI,MCU_sheet,Bottom,56.5,43.3,90.0,Bottom,45.58,39.3,90.0,,FP-GRM219-0_2-0_1-IPC_A,,0.953,"ST67 block: B local layout, rigid translation (antenna edge)"
C_WIFI_EN,\PPSJUUVA,WIFI,MCU_sheet,Top,55.2,38.855,0.0,Top,44.28,34.855,0.0,,FP-GRM155-0_05-IPC_C,,0.254,"ST67 block: B local layout, rigid translation (antenna edge)"
C_WIFI_VDD33,\PENDZXJR,WIFI,MCU_sheet,Top,53.8,35.5,270.0,Top,42.88,31.5,270.0,,FP-GCM21B-0_2-e0_2_0_7-MFG,,0.254,"ST67 block: B local layout, rigid translation (antenna edge)"
C_WIFI_VDD33_HF,\VMMAYOTC,WIFI,MCU_sheet,Top,51.775,36.0,270.0,Top,40.855,32.0,270.0,,FP-GRM155-0_05-MFG,,0.254,"ST67 block: B local layout, rigid translation (antenna edge)"
C_WIFI_VDDIO1,\IMKSJAJJ,WIFI,MCU_sheet,Top,41.0,35.5,90.0,Top,30.08,31.5,90.0,,FP-GCM21B-0_2-e0_2_0_7-MFG,,0.254,"ST67 block: B local layout, rigid translation (antenna edge)"
C_WIFI_VDDIO1_HF,\GADJTTCJ,WIFI,MCU_sheet,Top,42.885,36.0,270.0,Top,31.965,32.0,270.0,,FP-GRM155-0_05-MFG,,0.254,"ST67 block: B local layout, rigid translation (antenna edge)"
C_WIFI_VDDIO2,\CQCYPVDO,WIFI,MCU_sheet,Top,55.15,46.8,180.0,Top,44.23,42.8,180.0,,FP-GCM21B-0_2-e0_2_0_7-MFG,,0.254,"ST67 block: B local layout, rigid translation (antenna edge)"
C_WIFI_VDDIO2_HF,\KDNLJRNG,WIFI,MCU_sheet,Top,54.7,48.8,180.0,Top,43.78,44.8,180.0,,FP-GRM155-0_05-MFG,,0.254,"ST67 block: B local layout, rigid translation (antenna edge)"
C_WIFI_X32_IN,\HUBJPMZN,WIFI,MCU_sheet,Top,49.85,32.4,90.0,Top,38.93,28.4,90.0,,FP-GRM155-0_05-IPC_C,,0.254,"ST67 block: B local layout, rigid translation (antenna edge)"
C_WIFI_X32_OUT,\ETMOXEBV,WIFI,MCU_sheet,Top,47.35,32.4,90.0,Top,36.43,28.4,90.0,,FP-GRM155-0_05-IPC_C,,0.254,"ST67 block: B local layout, rigid translation (antenna edge)"
Cdiv,\ETGTIIWG,AFE,Analog_Shared,Top,18.6,30.0,0.0,Bottom,16.4,26.8,0.0,Y,FP-GRM155-0_05-IPC_C,,0.552,reference divider/filter beside U1 VREF-buffer pins (Bottom); R_ref by J_REF
Cdiv_1,\TXUADNCR,AFE,Analog_Shared,Top,27.9,25.0,180.0,Bottom,16.1,24.8,0.0,Y,FP-GRM155-0_05-IPC_C,,0.552,reference divider/filter beside U1 VREF-buffer pins (Bottom); R_ref by J_REF
Cdiv_10uF,\KISCTGDZ,AFE,Analog_Shared,Top,30.2,24.8,180.0,Bottom,13.0,26.8,0.0,Y,FP-GCM21B-0_2-e0_2_0_7-MFG,,1.451,reference divider/filter beside U1 VREF-buffer pins (Bottom); R_ref by J_REF
Cservo_1,\UVWABFOM,AFE,AFE_Channel_1,Top,16.8,25.7,180.0,Bottom,21.7,17.65,0.0,Y,GRM31x,,1.0,op-amp package-aware group on Bottom directly under its channels (servo/post-amp at their pins)
Cservo_2,\DWQPLJLU,AFE,AFE_Channel_2,Top,33.8,24.7,180.0,Bottom,29.0,23.15,180.0,Y,GRM31x,,1.0,op-amp package-aware group on Bottom directly under its channels (servo/post-amp at their pins)
Cservo_3,\TCDKMOJA,AFE,AFE_Channel_3,Top,46.2,27.3,0.0,Bottom,43.2,17.65,0.0,Y,GRM31x,,1.0,op-amp package-aware group on Bottom directly under its channels (servo/post-amp at their pins)
Cservo_4,\BSAHUQLV,AFE,AFE_Channel_4,Top,55.8,23.5,180.0,Bottom,50.6,23.15,180.0,Y,GRM31x,,1.0,op-amp package-aware group on Bottom directly under its channels (servo/post-amp at their pins)
Cservo_5,\RHWVFLVY,AFE,AFE_Channel_5,Top,68.2,26.1,0.0,Bottom,64.8,17.65,0.0,Y,GRM31x,,1.0,op-amp package-aware group on Bottom directly under its channels (servo/post-amp at their pins)
D_CC_ESD,\MGTRVJRM,USB_IN,Power_tree_design,Top,19.8,44.9,180.0,Top,19.8,40.9,180.0,,SOT95P230X100-3N,,0.947,"USB-C + protection: rigid, left edge"
D_VBUS,\UMZWIQYE,USB_IN,Power_tree_design,Top,18.5,38.4,90.0,Top,18.5,34.4,90.0,,FP-SOD323-CA-MFG,,0.254,"USB-C + protection: rigid, left edge"
INA1,\DSSHWZCG,AFE,AFE_Channel_1,Top,20.0,18.2,0.0,Top,18.7,18.2,0.0,,EMG_AD8237_R3_MSOP8,,1.1,"channel input stage: B template translated to the 10.8 mm BK13 pitch (Top, unchanged internally)"
INA2,\WODSVRPQ,AFE,AFE_Channel_2,Top,33.0,18.2,0.0,Top,29.5,18.2,0.0,,EMG_AD8237_R3_MSOP8,,1.1,"channel input stage: B template translated to the 10.8 mm BK13 pitch (Top, unchanged internally)"
INA3,\DEHQBDJR,AFE,AFE_Channel_3,Top,46.0,18.2,0.0,Top,40.3,18.2,0.0,,EMG_AD8237_R3_MSOP8,,1.1,"channel input stage: B template translated to the 10.8 mm BK13 pitch (Top, unchanged internally)"
INA4,\XTNWSMDW,AFE,AFE_Channel_4,Top,59.0,18.2,0.0,Top,51.1,18.2,0.0,,EMG_AD8237_R3_MSOP8,,1.1,"channel input stage: B template translated to the 10.8 mm BK13 pitch (Top, unchanged internally)"
INA5,\WFMTJBTJ,AFE,AFE_Channel_5,Top,72.0,18.2,0.0,Top,61.9,18.2,0.0,,EMG_AD8237_R3_MSOP8,,1.1,"channel input stage: B template translated to the 10.8 mm BK13 pitch (Top, unchanged internally)"
JP_WIFI_BOOT,\MTPFUPUN,SERVICE,MCU_sheet,Top,80.4,17.4,0.0,Bottom,31.194,39.205,0.0,Y,EMG_SJ_2P_NO,Y,0.0,"approved service change: flat footprint (Tag-Connect / probe pad / solder jumper), Not Fitted in PROTO_1_REMOTE_NTC"
J_FPC1,\HRDNIWOC,AFE,AFE_Channel_1,Top,20.0,12.2,0.0,Top,18.7,12.2,0.0,,HIROSE_BK13C06-10DS/2-0.35V(895),,0.0,"channel input stage: B template translated to the 10.8 mm BK13 pitch (Top, unchanged internally)"
J_FPC2,\VHZAIESE,AFE,AFE_Channel_2,Top,33.0,12.2,0.0,Top,29.5,12.2,0.0,,HIROSE_BK13C06-10DS/2-0.35V(895),,0.0,"channel input stage: B template translated to the 10.8 mm BK13 pitch (Top, unchanged internally)"
J_FPC3,\MNABROKH,AFE,AFE_Channel_3,Top,46.0,12.2,0.0,Top,40.3,12.2,0.0,,HIROSE_BK13C06-10DS/2-0.35V(895),,0.0,"channel input stage: B template translated to the 10.8 mm BK13 pitch (Top, unchanged internally)"
J_FPC4,\WOQIDMIX,AFE,AFE_Channel_4,Top,59.0,12.2,0.0,Top,51.1,12.2,0.0,,HIROSE_BK13C06-10DS/2-0.35V(895),,0.0,"channel input stage: B template translated to the 10.8 mm BK13 pitch (Top, unchanged internally)"
J_FPC5,\VCZZVCHC,AFE,AFE_Channel_5,Top,72.0,12.2,0.0,Top,61.9,12.2,0.0,,HIROSE_BK13C06-10DS/2-0.35V(895),,0.0,"channel input stage: B template translated to the 10.8 mm BK13 pitch (Top, unchanged internally)"
J_Li-Po,\VQEFQNBX,BATTERY,Power_tree_design,Top,12.0,33.3,0.0,Top,24.3689,35.4544,90.0,,HDR1X3,,0.0,battery header + remote-NTC terminals in the service column (Top)
J_REF,\IDYBTGZF,AFE,Analog_Shared,Top,12.5,19.0,0.0,Top,11.93,12.2,0.0,,HDR1X2,,0.0,analog shared reference/branch parts in the analog band
J_SWD,\KSTMQYKV,SERVICE,MCU_sheet,Top,81.0,30.2,90.0,Top,25.4275,28.9,90.0,,EMG_TC2030_NL,Y,0.0,"approved service change: flat footprint (Tag-Connect / probe pad / solder jumper), Not Fitted in PROTO_1_REMOTE_NTC"
J_USB_C,\OOAEFXTY,USB_IN,Power_tree_design,Top,12.4,43.4,270.0,Top,12.4,39.4,270.0,,GCT_USB4105-GF-A-060,,3.31,"USB-C + protection: rigid, left edge"
L1,\TMEFFVKY,CONVERTER,Power_tree_design,Top,34.0,42.95,180.0,Bottom,50.8119,42.6335,0.0,Y,FP-DFE21CC_EL-MFG,,0.801,"TPS631000 cell flipped whole (B hot loop) under the STM32, clear of ST67 vias/crystal/antenna/ADC corner"
LED_CHG,\EZYWKPBA,CHARGER,Power_tree_design,Top,27.5,48.4,0.0,Top,25.4275,43.6,90.0,,LEDC2012X120N,,0.9,charger cell on Bottom; UP1 exposed-pad vias under the grounded USB-C shell
MCU_VCAP,\YNNCTDAI,MCU,MCU_sheet,Top,73.6,29.4,90.0,Top,62.68,25.4,90.0,,CAPC2012X135N,,1.35,"STM32 block: B local layout incl. ADC/VCAP/bypass, rigid translation"
PWR_BTN_N,\FPRAKXRU,BUTTON,Power_tree_design,Top,34.9,47.07,0.0,Top,14.71,27.6207,0.0,,SW_TS-1187A-B-A-B,,0.0,button (Top) below USB-C
Q_SHDN,\UKRIVBCR,PB_CTRL,Power_tree_design,Bottom,67.41,41.95,0.0,Bottom,56.49,37.95,0.0,,FP-318-08-IPC_B,,1.111,"pushbutton controller (Bottom) under the STM32, rigid with it"
RDD1,\DXKLSNMY,AFE,AFE_Channel_1,Top,25.8,16.8,0.0,Top,24.5,16.8,0.0,,RES_ERA2ARB103X,,0.0,"channel input stage: B template translated to the 10.8 mm BK13 pitch (Top, unchanged internally)"
RDD10,\EHJREJHQ,AFE,AFE_Channel_4,Top,64.8,16.8,0.0,Top,56.9,16.8,0.0,,RES_ERA2ARB103X,,0.0,"channel input stage: B template translated to the 10.8 mm BK13 pitch (Top, unchanged internally)"
RDD11,\PLJRMBKM,AFE,AFE_Channel_4,Top,64.8,15.0,0.0,Top,56.9,15.0,0.0,,FP-AC0402-MFG,,0.254,"channel input stage: B template translated to the 10.8 mm BK13 pitch (Top, unchanged internally)"
RDD12,\CQWOMJFQ,AFE,AFE_Channel_4,Top,64.8,18.6,0.0,Top,56.9,18.6,0.0,,RES_ERA2ARB103X,,0.0,"channel input stage: B template translated to the 10.8 mm BK13 pitch (Top, unchanged internally)"
RDD13,\PXMMUANO,AFE,AFE_Channel_5,Top,77.4,16.8,0.0,Top,67.3,16.8,0.0,,RES_ERA2ARB103X,,0.0,"channel input stage: B template translated to the 10.8 mm BK13 pitch (Top, unchanged internally)"
RDD14,\FDBDAWRR,AFE,AFE_Channel_5,Top,77.4,15.0,0.0,Top,67.3,15.0,0.0,,FP-AC0402-MFG,,0.254,"channel input stage: B template translated to the 10.8 mm BK13 pitch (Top, unchanged internally)"
RDD15,\STOXUDFL,AFE,AFE_Channel_5,Top,77.4,18.6,0.0,Top,67.3,18.6,0.0,,RES_ERA2ARB103X,,0.0,"channel input stage: B template translated to the 10.8 mm BK13 pitch (Top, unchanged internally)"
RDD2,\HMVRSXGQ,AFE,AFE_Channel_1,Top,25.8,15.0,0.0,Top,24.5,15.0,0.0,,FP-AC0402-MFG,,0.254,"channel input stage: B template translated to the 10.8 mm BK13 pitch (Top, unchanged internally)"
RDD3,\MJVHHMBB,AFE,AFE_Channel_1,Top,25.8,18.6,0.0,Top,24.5,18.6,0.0,,RES_ERA2ARB103X,,0.0,"channel input stage: B template translated to the 10.8 mm BK13 pitch (Top, unchanged internally)"
RDD4,\IIVQUIPI,AFE,AFE_Channel_2,Top,38.8,16.8,0.0,Top,35.3,16.8,0.0,,RES_ERA2ARB103X,,0.0,"channel input stage: B template translated to the 10.8 mm BK13 pitch (Top, unchanged internally)"
RDD5,\WQFXLLGW,AFE,AFE_Channel_2,Top,38.8,15.0,0.0,Top,35.3,15.0,0.0,,FP-AC0402-MFG,,0.254,"channel input stage: B template translated to the 10.8 mm BK13 pitch (Top, unchanged internally)"
RDD6,\LLIMCPGT,AFE,AFE_Channel_2,Top,38.8,18.6,0.0,Top,35.3,18.6,0.0,,RES_ERA2ARB103X,,0.0,"channel input stage: B template translated to the 10.8 mm BK13 pitch (Top, unchanged internally)"
RDD7,\TDEFUSFF,AFE,AFE_Channel_3,Top,51.8,16.8,0.0,Top,46.1,16.8,0.0,,RES_ERA2ARB103X,,0.0,"channel input stage: B template translated to the 10.8 mm BK13 pitch (Top, unchanged internally)"
RDD8,\SWXJGUAX,AFE,AFE_Channel_3,Top,51.8,15.0,0.0,Top,46.1,15.0,0.0,,FP-AC0402-MFG,,0.254,"channel input stage: B template translated to the 10.8 mm BK13 pitch (Top, unchanged internally)"
RDD9,\WRVCRTAX,AFE,AFE_Channel_3,Top,51.8,18.6,0.0,Top,46.1,18.6,0.0,,RES_ERA2ARB103X,,0.0,"channel input stage: B template translated to the 10.8 mm BK13 pitch (Top, unchanged internally)"
RGN_1,\GHXDVMLT,AFE,AFE_Channel_1,Top,16.9,29.9,0.0,Bottom,21.9,21.95,270.0,Y,FP-RT0402-MFG,,0.351,op-amp package-aware group on Bottom directly under its channels (servo/post-amp at their pins)
RGN_2,\AAUNNEUQ,AFE,AFE_Channel_2,Top,33.9,28.9,0.0,Bottom,28.8,18.85,270.0,Y,FP-RT0402-MFG,,0.351,op-amp package-aware group on Bottom directly under its channels (servo/post-amp at their pins)
RGN_3,\HVJKHQAD,AFE,AFE_Channel_3,Top,46.9,23.7,180.0,Bottom,43.4,21.95,270.0,Y,FP-RT0402-MFG,,0.351,op-amp package-aware group on Bottom directly under its channels (servo/post-amp at their pins)
RGN_4,\AMATVKYL,AFE,AFE_Channel_4,Top,55.9,27.7,0.0,Bottom,50.4,18.85,270.0,Y,FP-RT0402-MFG,,0.351,op-amp package-aware group on Bottom directly under its channels (servo/post-amp at their pins)
RGN_5,\VMZMEQFA,AFE,AFE_Channel_5,Top,68.1,21.9,180.0,Bottom,65.0,21.95,270.0,Y,FP-RT0402-MFG,,0.351,op-amp package-aware group on Bottom directly under its channels (servo/post-amp at their pins)
RG_1,\UTRITBAK,AFE,AFE_Channel_1,Top,18.5,28.625,90.0,Bottom,18.9,21.95,270.0,Y,FP-RT0402-MFG,,0.351,op-amp package-aware group on Bottom directly under its channels (servo/post-amp at their pins)
RG_2,\SMJLTCCR,AFE,AFE_Channel_2,Top,35.5,27.625,90.0,Bottom,31.8,18.85,270.0,Y,FP-RT0402-MFG,,0.351,op-amp package-aware group on Bottom directly under its channels (servo/post-amp at their pins)
RG_3,\IWTKXABD,AFE,AFE_Channel_3,Top,44.5,24.375,270.0,Bottom,40.4,21.95,270.0,Y,FP-RT0402-MFG,,0.351,op-amp package-aware group on Bottom directly under its channels (servo/post-amp at their pins)
RG_4,\LGIUMXWW,AFE,AFE_Channel_4,Top,57.5,26.425,90.0,Bottom,53.4,18.85,270.0,Y,FP-RT0402-MFG,,0.351,op-amp package-aware group on Bottom directly under its channels (servo/post-amp at their pins)
RG_5,\LNKDIMXT,AFE,AFE_Channel_5,Top,66.5,23.175,270.0,Bottom,62.0,21.95,270.0,Y,FP-RT0402-MFG,,0.351,op-amp package-aware group on Bottom directly under its channels (servo/post-amp at their pins)
RH_1,\GTEBNYHJ,AFE,AFE_Channel_1,Top,19.4,21.75,0.0,Top,18.1,21.75,0.0,,FP-AC0402-IPC_A,,0.254,"channel input stage: B template translated to the 10.8 mm BK13 pitch (Top, unchanged internally)"
RH_2,\TENFJOUW,AFE,AFE_Channel_2,Top,32.4,21.75,0.0,Top,28.9,21.75,0.0,,FP-AC0402-IPC_A,,0.254,"channel input stage: B template translated to the 10.8 mm BK13 pitch (Top, unchanged internally)"
RH_3,\XMOCRDMS,AFE,AFE_Channel_3,Top,45.4,21.75,0.0,Top,39.7,21.75,0.0,,FP-AC0402-IPC_A,,0.254,"channel input stage: B template translated to the 10.8 mm BK13 pitch (Top, unchanged internally)"
RH_4,\AABTCOUS,AFE,AFE_Channel_4,Top,57.2,21.75,0.0,Top,49.3,21.75,0.0,,FP-AC0402-IPC_A,,0.254,"channel input stage: B template translated to the 10.8 mm BK13 pitch (Top, unchanged internally)"
RH_5,\BRQYYKEO,AFE,AFE_Channel_5,Top,71.4,21.75,0.0,Top,61.3,21.75,0.0,,FP-AC0402-IPC_A,,0.254,"channel input stage: B template translated to the 10.8 mm BK13 pitch (Top, unchanged internally)"
RISET,\SSYPHZYI,CHARGER,Power_tree_design,Top,21.0,47.4,270.0,Bottom,12.5036,36.6,0.0,Y,RESC1005X40X25ML05T10,,0.4,charger cell on Bottom; UP1 exposed-pad vias under the grounded USB-C shell
RJ1,\ZKMVMVBH,USB_IN,Power_tree_design,Top,18.9,47.1,0.0,Top,18.9,43.1,0.0,,RESC1005X40X25NL05T10,,0.4,"USB-C + protection: rigid, left edge"
RJ2,\UZEVJROT,USB_IN,Power_tree_design,Top,18.9,48.1,0.0,Top,18.9,44.1,0.0,,RESC1005X40X25NL05T10,,0.4,"USB-C + protection: rigid, left edge"
RL_1,\HHHGPCFY,AFE,AFE_Channel_1,Top,21.4,22.3,0.0,Top,20.1,22.3,0.0,,FP-RT0402-MFG,,0.254,"channel input stage: B template translated to the 10.8 mm BK13 pitch (Top, unchanged internally)"
RL_2,\TELITLFC,AFE,AFE_Channel_2,Top,34.4,22.3,0.0,Top,30.9,22.3,0.0,,FP-RT0402-MFG,,0.254,"channel input stage: B template translated to the 10.8 mm BK13 pitch (Top, unchanged internally)"
RL_3,\XBCKMMOI,AFE,AFE_Channel_3,Top,47.4,22.3,0.0,Top,41.7,22.3,0.0,,FP-RT0402-MFG,,0.254,"channel input stage: B template translated to the 10.8 mm BK13 pitch (Top, unchanged internally)"
RL_4,\BXVEUIPV,AFE,AFE_Channel_4,Top,60.2,21.7,0.0,Top,52.3,21.7,0.0,,FP-RT0402-MFG,,0.254,"channel input stage: B template translated to the 10.8 mm BK13 pitch (Top, unchanged internally)"
RL_5,\DRPDTLDH,AFE,AFE_Channel_5,Top,73.4,22.3,0.0,Top,63.3,22.3,0.0,,FP-RT0402-MFG,,0.254,"channel input stage: B template translated to the 10.8 mm BK13 pitch (Top, unchanged internally)"
RUP_3,\FVAOALWX,CONVERTER,Power_tree_design,Top,35.3,38.45,0.0,Bottom,49.5119,38.1335,180.0,Y,FP-AC0402-IPC_A,,0.373,"TPS631000 cell flipped whole (B hot loop) under the STM32, clear of ST67 vias/crystal/antenna/ADC corner"
RUP_4,\DIXYKNNS,CONVERTER,Power_tree_design,Top,33.4,38.45,0.0,Bottom,51.4119,38.1335,180.0,Y,FP-AC0402-MFG,,0.37,"TPS631000 cell flipped whole (B hot loop) under the STM32, clear of ST67 vias/crystal/antenna/ADC corner"
RV1,\FJSJEKUM,AFE,Analog_Shared,Top,28.2,26.0,180.0,Bottom,12.0,24.8,0.0,Y,FP-AC0402-MFG,,0.37,reference divider/filter beside U1 VREF-buffer pins (Bottom); R_ref by J_REF
RV2,\ACJROGAV,AFE,Analog_Shared,Top,28.2,27.0,0.0,Bottom,14.1,24.8,0.0,Y,FP-AC0402-MFG,,0.37,reference divider/filter beside U1 VREF-buffer pins (Bottom); R_ref by J_REF
R_ADC1,\TKCPYGKF,ADC_RC,MCU_sheet,Top,60.0,34.1,90.0,Top,49.08,30.1,90.0,,RESC1005X40N,,0.35,ADC RC networks: rigid with the STM32 block
R_ADC2,\CFTIPEZE,ADC_RC,MCU_sheet,Top,60.0,32.45,90.0,Top,49.08,28.45,90.0,,RESC1005X40N,,0.35,ADC RC networks: rigid with the STM32 block
R_ADC3,\VPQHMOBO,ADC_RC,MCU_sheet,Top,60.0,30.8,90.0,Top,49.08,26.8,90.0,,RESC1005X40N,,0.35,ADC RC networks: rigid with the STM32 block
R_ADC4,\RNNLSOJY,ADC_RC,MCU_sheet,Top,60.8,29.4,0.0,Top,49.88,25.4,0.0,,RESC1005X40N,,0.35,ADC RC networks: rigid with the STM32 block
R_ADC5,\CWCXIEPU,ADC_RC,MCU_sheet,Top,67.0,28.5,180.0,Top,56.08,24.5,180.0,,RESC1005X40N,,0.35,ADC RC networks: rigid with the STM32 block
R_AL,\KHERGLLP,GAUGE,Power_tree_design,Bottom,19.66,35.475,180.0,Bottom,17.16,31.475,180.0,,FP-AT0402-IPC_A,,0.351,fuel gauge (Bottom) near the battery header
R_CHG_LED,\DPJOEUUL,CHARGER,Power_tree_design,Top,28.0,46.5,0.0,Bottom,18.2,40.15,90.0,Y,FP-AC0402-MFG,,0.373,charger cell on Bottom; UP1 exposed-pad vias under the grounded USB-C shell
R_DRL_FB,\EIJHLSNJ,AFE,Analog_Shared,Bottom,23.45,30.2,90.0,Bottom,12.445,16.7928,0.0,,EMG_DRL_R0603,,0.0,"DNP DRL provision kept physically, Bottom under the sockets / J_REF"
R_DRL_OUT1,\SMIJZRZG,AFE,Analog_Shared,Bottom,14.0,29.5,0.0,Bottom,18.1,15.2,90.0,,EMG_DRL_R0603,,0.0,"DNP DRL provision kept physically, Bottom under the sockets / J_REF"
R_DRL_OUT2,\QLOEDQON,AFE,Analog_Shared,Bottom,14.0,31.3,0.0,Bottom,19.807,14.2019,90.0,,EMG_DRL_R0603,,0.0,"DNP DRL provision kept physically, Bottom under the sockets / J_REF"
R_DRL_SEL,\DMIZMQOS,AFE,Analog_Shared,Bottom,11.9,21.7,0.0,Bottom,22.2507,13.2182,0.0,,EMG_DRL_R0603,,0.0,"DNP DRL provision kept physically, Bottom under the sockets / J_REF"
R_DRL_VA1,\RIFJGQGL,AFE,Analog_Shared,Bottom,12.5,23.5,0.0,Bottom,17.2,11.4,0.0,,EMG_DRL_R0603,,0.0,"DNP DRL provision kept physically, Bottom under the sockets / J_REF"
R_DRL_VA2,\MVYFQFIQ,AFE,Analog_Shared,Bottom,15.85,23.5,0.0,Bottom,27.0,11.4,0.0,,EMG_DRL_R0603,,0.0,"DNP DRL provision kept physically, Bottom under the sockets / J_REF"
R_DRL_VA3,\UBNLRAIB,AFE,Analog_Shared,Bottom,19.2,23.5,0.0,Bottom,37.0,11.4,0.0,,EMG_DRL_R0603,,0.0,"DNP DRL provision kept physically, Bottom under the sockets / J_REF"
R_DRL_VA4,\ADWZPFZU,AFE,Analog_Shared,Bottom,22.55,23.5,0.0,Bottom,47.8,11.4,0.0,,EMG_DRL_R0603,,0.0,"DNP DRL provision kept physically, Bottom under the sockets / J_REF"
R_DRL_VA5,\SHYIMMPG,AFE,Analog_Shared,Bottom,25.9,23.5,0.0,Bottom,58.6,11.4,0.0,,EMG_DRL_R0603,,0.0,"DNP DRL provision kept physically, Bottom under the sockets / J_REF"
R_DRL_VB1,\LZLPZBNE,AFE,Analog_Shared,Bottom,12.5,25.3,0.0,Bottom,20.5,11.4,0.0,,EMG_DRL_R0603,,0.0,"DNP DRL provision kept physically, Bottom under the sockets / J_REF"
R_DRL_VB2,\QVAUFHQD,AFE,Analog_Shared,Bottom,15.85,25.3,0.0,Bottom,30.3,11.4,0.0,,EMG_DRL_R0603,,0.0,"DNP DRL provision kept physically, Bottom under the sockets / J_REF"
R_DRL_VB3,\OJYINECL,AFE,Analog_Shared,Bottom,19.2,25.3,0.0,Bottom,40.3,11.4,0.0,,EMG_DRL_R0603,,0.0,"DNP DRL provision kept physically, Bottom under the sockets / J_REF"
R_DRL_VB4,\IHMMSDCU,AFE,Analog_Shared,Bottom,22.55,25.3,0.0,Bottom,51.1,11.4,0.0,,EMG_DRL_R0603,,0.0,"DNP DRL provision kept physically, Bottom under the sockets / J_REF"
R_DRL_VB5,\GLRUZBWG,AFE,Analog_Shared,Bottom,25.9,25.3,0.0,Bottom,61.9,11.4,0.0,,EMG_DRL_R0603,,0.0,"DNP DRL provision kept physically, Bottom under the sockets / J_REF"
R_DRL_VC1,\IHATGGJF,AFE,Analog_Shared,Bottom,12.5,27.1,0.0,Bottom,23.8,11.4,0.0,,EMG_DRL_R0603,,0.0,"DNP DRL provision kept physically, Bottom under the sockets / J_REF"
R_DRL_VC2,\EAWUJWHA,AFE,Analog_Shared,Bottom,15.85,27.1,0.0,Bottom,33.6,11.4,0.0,,EMG_DRL_R0603,,0.0,"DNP DRL provision kept physically, Bottom under the sockets / J_REF"
R_DRL_VC3,\XXOACUDZ,AFE,Analog_Shared,Bottom,19.2,27.1,0.0,Bottom,43.6,11.4,0.0,,EMG_DRL_R0603,,0.0,"DNP DRL provision kept physically, Bottom under the sockets / J_REF"
R_DRL_VC4,\HGWJYRWC,AFE,Analog_Shared,Bottom,22.55,27.1,0.0,Bottom,54.4,11.4,0.0,,EMG_DRL_R0603,,0.0,"DNP DRL provision kept physically, Bottom under the sockets / J_REF"
R_DRL_VC5,\AGXVAPNG,AFE,Analog_Shared,Bottom,25.9,27.1,0.0,Bottom,65.2,11.4,0.0,,EMG_DRL_R0603,,0.0,"DNP DRL provision kept physically, Bottom under the sockets / J_REF"
R_EN,\HYXOCZMX,SUPERVISOR,Power_tree_design,Bottom,27.6806,48.8,180.0,Bottom,43.6983,38.4423,0.0,,FP-AC0402-MFG,,0.37,supervisor (Bottom) beside the converter
R_EN1_1,\TTIIGMKO,PB_CTRL,Power_tree_design,Bottom,75.41,44.25,180.0,Bottom,64.49,40.25,180.0,,FP-RC0402-0_4-IPC_A,,0.4,"pushbutton controller (Bottom) under the STM32, rigid with it"
R_EN1_BIAS,\EAFZMWMK,CHARGER,Power_tree_design,Top,22.9,38.4,90.0,Bottom,14.2308,44.1956,90.0,Y,FP-AT0402-IPC_A,,0.351,charger cell on Bottom; UP1 exposed-pad vias under the grounded USB-C shell
R_EN_PD,\LCJTGOVC,PULLS_PWR,Power_tree_design,Bottom,34.4,31.6,180.0,Bottom,37.9222,26.6685,0.0,,FP-AC0402-IPC_A,,0.373,noncritical pull at its IC (Bottom)
R_INT_PULLUP,\KYNUZFOC,PB_CTRL,Power_tree_design,Bottom,70.51,39.75,0.0,Bottom,59.59,35.75,0.0,,FP-AT0402-IPC_A,,0.351,"pushbutton controller (Bottom) under the STM32, rigid with it"
R_KILL_PU,\SCZGXJMM,PB_CTRL,Power_tree_design,Bottom,70.51,43.45,180.0,Bottom,59.59,39.45,180.0,,FP-AT0402-IPC_A,,0.351,"pushbutton controller (Bottom) under the STM32, rigid with it"
R_LIM,\XBDBQAEM,CHARGER,Power_tree_design,Top,26.0,42.7,180.0,Bottom,17.0474,37.5365,0.0,Y,FP-AC0402-MFG,,0.373,charger cell on Bottom; UP1 exposed-pad vias under the grounded USB-C shell
R_MCU_BOOT0_PD,\VDIEWLTB,MCU,MCU_sheet,Top,66.0,49.06,0.0,Top,55.08,45.06,0.0,,FP-RT0402-MFG,,0.254,"STM32 block: B local layout incl. ADC/VCAP/bypass, rigid translation"
R_NRST,\QJKCHWBH,MCU,MCU_sheet,Top,59.0,39.0,180.0,Top,48.08,35.0,180.0,,FP-RT0402-MFG,,0.254,"STM32 block: B local layout incl. ADC/VCAP/bypass, rigid translation"
R_PGOOD,\EFWQJZYR,PULLS_PWR,Power_tree_design,Bottom,27.5,38.6,90.0,Bottom,11.4521,42.2995,0.0,,RESC1005X40X25ML05T10,,0.4,noncritical pull at its IC (Bottom)
R_SCL,\ZJWQWTCI,GAUGE,Power_tree_design,Bottom,19.86,36.575,180.0,Bottom,17.36,32.575,180.0,,FP-CRCW0402-e3-IPC_B,,0.4,fuel gauge (Bottom) near the battery header
R_SDA,\VKNWNXOB,GAUGE,Power_tree_design,Bottom,19.86,37.575,180.0,Bottom,17.36,33.575,180.0,,FP-CRCW0402-e3-IPC_B,,0.4,fuel gauge (Bottom) near the battery header
R_SHDN_G,\QHLZMLVE,PB_CTRL,Power_tree_design,Bottom,64.6099,41.25,180.0,Bottom,53.6899,37.25,180.0,,FP-AT0402-IPC_A,,0.351,"pushbutton controller (Bottom) under the STM32, rigid with it"
R_SHDN_PD,\RXBFSGOA,PB_CTRL,Power_tree_design,Bottom,64.6099,42.45,180.0,Bottom,53.6899,38.45,180.0,,FP-AC0402-MFG,,0.37,"pushbutton controller (Bottom) under the STM32, rigid with it"
R_SPI_CS,\SNTSEMSL,MCU,MCU_sheet,Top,69.4,30.05,90.0,Top,58.48,26.05,90.0,,RES_ERJ2RKF22R0X,,0.35,"STM32 block: B local layout incl. ADC/VCAP/bypass, rigid translation"
R_SPI_MISO,\FDPXAZPM,WIFI,MCU_sheet,Top,40.0,48.2,180.0,Top,29.08,44.2,180.0,,RES_ERJ2RKF22R0X,,0.35,"ST67 block: B local layout, rigid translation (antenna edge)"
R_SPI_MOSI,\SJCHDUPS,MCU,MCU_sheet,Top,68.0,30.05,90.0,Top,57.08,26.05,90.0,,RES_ERJ2RKF22R0X,,0.35,"STM32 block: B local layout incl. ADC/VCAP/bypass, rigid translation"
R_SPI_SCK,\OHVPHCBD,MCU,MCU_sheet,Top,66.6,30.05,90.0,Top,55.68,26.05,90.0,,RES_ERJ2RKF22R0X,,0.35,"STM32 block: B local layout incl. ADC/VCAP/bypass, rigid translation"
R_TH_BAT,\ZLRLAHMN,BATTERY,Power_tree_design,Top,20.7,33.9,0.0,Top,26.9389,37.853,90.0,,EMG_REMOTE_NTC_TERMINALS_2P,,0.0,battery header + remote-NTC terminals in the service column (Top)
R_TMR,\QYGIVNSS,CHARGER,Power_tree_design,Top,27.4,44.0,90.0,Bottom,14.1498,34.8283,90.0,Y,RESC1005X40X25ML05T10,,0.4,charger cell on Bottom; UP1 exposed-pad vias under the grounded USB-C shell
R_TS_BOTTOM,\IGQWSYEF,CHARGER,Power_tree_design,Top,22.9,45.9,90.0,Bottom,10.9029,36.6731,90.0,Y,RESC1005X40X25NL05T10,,0.4,charger cell on Bottom; UP1 exposed-pad vias under the grounded USB-C shell
R_TS_SER,\NAFFNVVJ,CHARGER,Power_tree_design,Top,22.5,44.6,0.0,Bottom,10.8,38.65,270.0,Y,FP-AC0402-MFG,,0.37,charger cell on Bottom; UP1 exposed-pad vias under the grounded USB-C shell
R_TS_TOP,\XVULIBXW,CHARGER,Power_tree_design,Top,22.0,46.0,90.0,Bottom,11.1945,40.349,90.0,Y,RESC1005X40X25NL05T10,,0.4,charger cell on Bottom; UP1 exposed-pad vias under the grounded USB-C shell
R_VREF1,\QFKDQFCI,AFE,Analog_Shared,Top,28.2,30.2,90.0,Top,22.6,12.4,90.0,,RES_ERA2AEB680X,,0.0,analog shared reference/branch parts in the analog band
R_VREF2,\JMOUPRZI,AFE,Analog_Shared,Top,30.0,31.4,90.0,Top,33.4,12.4,90.0,,RES_ERA2AEB680X,,0.0,analog shared reference/branch parts in the analog band
R_VREF3,\JVORZKQG,AFE,Analog_Shared,Top,31.8,31.4,90.0,Top,44.2,12.4,90.0,,RES_ERA2AEB680X,,0.0,analog shared reference/branch parts in the analog band
R_VREF4,\AUHMVSOL,AFE,Analog_Shared,Top,34.1,31.0,90.0,Top,55.0,12.4,90.0,,RES_ERA2AEB680X,,0.0,analog shared reference/branch parts in the analog band
R_VREF5,\BBZTKGIX,AFE,Analog_Shared,Top,35.4,30.2,90.0,Top,65.8,12.4,90.0,,RES_ERA2AEB680X,,0.0,analog shared reference/branch parts in the analog band
R_WIFI_BOOT_OVR,\JHBKEAOF,SERVICE,MCU_sheet,Bottom,81.2,13.5,180.0,Bottom,31.194,37.205,0.0,,RESC1005X40N,,0.35,UART link / boot override beside the ST67 pins (Bottom)
R_WIFI_BOOT_PD,\RVSVFDEJ,WIFI,MCU_sheet,Top,39.8,43.8,0.0,Top,28.88,39.8,0.0,,FP-RT0402-MFG,,0.254,"ST67 block: B local layout, rigid translation (antenna edge)"
R_WIFI_CS_PD,\QTYCRYBX,WIFI,MCU_sheet,Top,57.6,47.7,90.0,Top,46.68,43.7,90.0,,FP-RT0402-MFG,,0.254,"ST67 block: B local layout, rigid translation (antenna edge)"
R_WIFI_EN_PD,\FVUSOYNM,WIFI,MCU_sheet,Top,56.7,41.9,90.0,Top,45.78,37.9,90.0,,FP-RT0402-MFG,,0.254,"ST67 block: B local layout, rigid translation (antenna edge)"
R_WIFI_UART_RX_LINK,\CIDDSZKB,SERVICE,MCU_sheet,Top,78.5,29.2,90.0,Bottom,45.0111,42.9088,90.0,Y,RESC1005X40X25LL05T05,,0.4,UART link / boot override beside the ST67 pins (Bottom)
R_WIFI_UART_TX_LINK,\RWADYVLY,SERVICE,MCU_sheet,Top,78.5,31.0,90.0,Bottom,43.626,40.805,0.0,Y,RESC1005X40X25LL05T05,,0.4,UART link / boot override beside the ST67 pins (Bottom)
R_WIFI_X32_IN,\AQDTTYJJ,WIFI,MCU_sheet,Top,49.235,36.2,90.0,Top,38.315,32.2,90.0,,RESC1005X40X25LL05T05,,0.4,"ST67 block: B local layout, rigid translation (antenna edge)"
R_WIFI_X32_OUT,\HWQTGBHH,WIFI,MCU_sheet,Top,47.965,36.2,90.0,Top,37.045,32.2,90.0,,RESC1005X40X25LL05T05,,0.4,"ST67 block: B local layout, rigid translation (antenna edge)"
R_ref,\RHCQBFUS,AFE,Analog_Shared,Top,14.5,21.4,0.0,Bottom,13.2,15.4,0.0,Y,FP-AC0402-MFG,,0.37,reference divider/filter beside U1 VREF-buffer pins (Bottom); R_ref by J_REF
Rservo_1,\PSZVEKRQ,AFE,AFE_Channel_1,Top,18.2,24.2,180.0,Bottom,21.7,15.55,0.0,Y,RESC1005X40X25NL05T10,,0.4,op-amp package-aware group on Bottom directly under its channels (servo/post-amp at their pins)
Rservo_2,\DEQBHYPW,AFE,AFE_Channel_2,Top,35.2,23.2,180.0,Bottom,29.0,25.25,180.0,Y,RESC1005X40X25NL05T10,,0.4,op-amp package-aware group on Bottom directly under its channels (servo/post-amp at their pins)
Rservo_3,\DDDUPUBM,AFE,AFE_Channel_3,Top,44.8,28.8,0.0,Bottom,43.2,15.55,0.0,Y,RESC1005X40X25NL05T10,,0.4,op-amp package-aware group on Bottom directly under its channels (servo/post-amp at their pins)
Rservo_4,\CUKOCDYB,AFE,AFE_Channel_4,Top,56.4,20.8,180.0,Bottom,50.6,25.25,180.0,Y,RESC1005X40X25NL05T10,,0.4,op-amp package-aware group on Bottom directly under its channels (servo/post-amp at their pins)
Rservo_5,\UKEROLLK,AFE,AFE_Channel_5,Top,66.8,27.6,0.0,Bottom,64.8,15.55,0.0,Y,RESC1005X40X25NL05T10,,0.4,op-amp package-aware group on Bottom directly under its channels (servo/post-amp at their pins)
TP_GND,\MHVJUVGG,SERVICE,MCU_sheet,Top,80.5,20.9,90.0,Bottom,48.226,44.205,0.0,Y,EMG_TP_FLAT_1R2,Y,0.0,"approved service change: flat footprint (Tag-Connect / probe pad / solder jumper), Not Fitted in PROTO_1_REMOTE_NTC"
TP_MCU_BOOT0,\NNKBKDEF,SERVICE,MCU_sheet,Top,83.0,20.9,90.0,Bottom,55.28,41.238,0.0,Y,EMG_TP_FLAT_1R2,Y,0.0,"approved service change: flat footprint (Tag-Connect / probe pad / solder jumper), Not Fitted in PROTO_1_REMOTE_NTC"
TP_WIFI_BOOT,\EJNJMUWS,SERVICE,MCU_sheet,Top,83.0,27.2,90.0,Bottom,32.6927,41.1412,0.0,Y,EMG_TP_FLAT_1R2,Y,0.0,"approved service change: flat footprint (Tag-Connect / probe pad / solder jumper), Not Fitted in PROTO_1_REMOTE_NTC"
TP_WIFI_CHIP_EN,\AWUTTQUS,SERVICE,MCU_sheet,Top,83.0,24.05,90.0,Bottom,43.626,34.855,0.0,Y,EMG_TP_FLAT_1R2,Y,0.0,"approved service change: flat footprint (Tag-Connect / probe pad / solder jumper), Not Fitted in PROTO_1_REMOTE_NTC"
TP_WIFI_UART_RX,\YLIAAGMA,SERVICE,MCU_sheet,Top,80.5,27.2,90.0,Bottom,47.2675,37.2275,0.0,Y,EMG_TP_FLAT_1R2,Y,0.0,"approved service change: flat footprint (Tag-Connect / probe pad / solder jumper), Not Fitted in PROTO_1_REMOTE_NTC"
TP_WIFI_UART_TX,\VIKGRCCI,SERVICE,MCU_sheet,Top,80.5,24.05,90.0,Bottom,46.3072,43.6527,0.0,Y,EMG_TP_FLAT_1R2,Y,0.0,"approved service change: flat footprint (Tag-Connect / probe pad / solder jumper), Not Fitted in PROTO_1_REMOTE_NTC"
U1,\QOKRMXJP,AFE,AFE_Channel_1,Top,23.0,27.0,0.0,Bottom,14.6,20.4,180.0,Y,TSSOP-ST14_N,,1.2,op-amp package-aware group on Bottom directly under its channels (servo/post-amp at their pins)
U2,\CKMXBZMJ,AFE,AFE_Channel_2,Top,40.0,26.0,0.0,Bottom,36.1,20.4,0.0,Y,TSSOP-ST14_N,,1.2,op-amp package-aware group on Bottom directly under its channels (servo/post-amp at their pins)
U3,\KZGSLJKL,AFE,AFE_Channel_4,Top,62.0,24.8,0.0,Bottom,57.7,20.4,0.0,Y,TSSOP-ST14_N,,1.2,op-amp package-aware group on Bottom directly under its channels (servo/post-amp at their pins)
UP1,\YKMTSZTB,CHARGER,Power_tree_design,Top,23.0,41.4,0.0,Bottom,13.6,39.4,0.0,Y,RGT0016C_V,,1.0,charger cell on Bottom; UP1 exposed-pad vias under the grounded USB-C shell
UP2,\EVAFRUDB,CONVERTER,Power_tree_design,Top,34.0,40.75,270.0,Bottom,50.8119,40.4335,270.0,Y,SOT50P160X60-8N,,0.6,"TPS631000 cell flipped whole (B hot loop) under the STM32, clear of ST67 vias/crystal/antenna/ADC corner"
UP3,\ENLJXAQB,LDO,Power_tree_design,Top,36.5,33.6,0.0,Bottom,35.25,28.3375,180.0,Y,FP-DBV0005A-IPC_C,,1.451,TPS7A2030 cell flipped whole to the power/analog boundary
UP4,\ZDTOIZKI,GAUGE,Power_tree_design,Bottom,22.2599,36.275,180.0,Bottom,19.7599,32.275,180.0,,SON50P200X200X80-9N,,0.8,fuel gauge (Bottom) near the battery header
U_DRL1,\CFETKXYL,AFE,Analog_Shared,Bottom,20.0,31.0,90.0,Bottom,15.7,15.48,180.0,,EMG_MCP6401_SOT23_5,,1.451,"DNP DRL provision kept physically, Bottom under the sockets / J_REF"
U_EN1,\DVFTQBLP,PB_CTRL,Power_tree_design,Bottom,73.41,41.65,180.0,Bottom,62.49,37.65,180.0,,LT-TS8-8-TSOT-23_V,,1.0,"pushbutton controller (Bottom) under the STM32, rigid with it"
U_MCU1,\FKRKTDLG,MCU,MCU_sheet,Top,69.0,39.5,0.0,Top,58.08,35.5,0.0,,QFP50P1600X1600X160-100N,,1.603,"STM32 block: B local layout incl. ADC/VCAP/bypass, rigid translation"
U_UV1,\WHQRJQJM,SUPERVISOR,Power_tree_design,Bottom,28.6806,44.5,180.0,Bottom,42.6983,42.7423,0.0,,DBV0006A_L,,1.109,supervisor (Bottom) beside the converter
U_WIFI1,\SHCDGROH,WIFI,MCU_sheet,Top,47.0,45.8,0.0,Top,36.08,41.8,0.0,,ST67W611M1A6BTR,,2.4,"ST67 block: B local layout, rigid translation (antenna edge)"
X_WIFI_32K,\YXUYAHMA,WIFI,MCU_sheet,Top,48.6,34.3,180.0,Top,37.68,30.3,180.0,,EMG_FC135_3215_2P,,0.0,"ST67 block: B local layout, rigid translation (antenna edge)"
