kind,net,layer,x1,y1,x2,y2,w_or_d,action,dx,dy,reason,cluster
VIA,GND,Multi Layer,65.3995,29.0727,,,0.6000,MOVE,-2.0,0.0,all pads in MCU,70
TRACK,GND,Top Layer,65.3995,29.0727,66.0000,29.3214,0.2000,MOVE,-2.0,0.0,all pads in MCU,70
VIA,GND,Multi Layer,22.7000,47.3500,,,0.6000,MOVE,0.0,-3.6,all pads in CHARGER,48
TRACK,GND,Top Layer,22.7000,47.3500,23.3500,47.3500,0.2000,MOVE,0.0,-3.6,all pads in CHARGER,48
VIA,GND,Multi Layer,37.6000,44.0742,,,0.6000,MOVE,0.0,-4.25,all pads in CONVERTER,53
TRACK,GND,Top Layer,36.6000,44.0742,37.6000,44.0742,0.2000,MOVE,0.0,-4.25,all pads in CONVERTER,53
VIA,GND,Multi Layer,31.6488,44.6505,,,0.6000,MOVE,0.0,-4.25,all pads in CONVERTER,54
TRACK,GND,Top Layer,31.4000,44.0500,31.6488,44.6505,0.2000,MOVE,0.0,-4.25,all pads in CONVERTER,54
VIA,GND,Multi Layer,57.0488,40.1505,,,0.6000,MOVE,-3.0,-5.0,all pads in WIFI,55
TRACK,GND,Top Layer,56.8000,39.5500,57.0488,40.1505,0.2000,MOVE,-3.0,-5.0,all pads in WIFI,55
VIA,GND,Multi Layer,44.2488,40.1505,,,0.6000,MOVE,-3.0,-5.0,all pads in WIFI,56
TRACK,GND,Top Layer,44.0000,39.5500,44.2488,40.1505,0.2000,MOVE,-3.0,-5.0,all pads in WIFI,56
VIA,GND,Multi Layer,67.5000,30.5270,,,0.6000,MOVE,-2.0,0.0,all pads in ADC_RC,57
TRACK,GND,Top Layer,67.5000,29.8770,67.5000,30.5270,0.2000,MOVE,-2.0,0.0,all pads in ADC_RC,57
VIA,GND,Multi Layer,75.9062,29.2511,,,0.6000,MOVE,-2.0,0.0,all pads in MCU,58
TRACK,GND,Top Layer,75.6000,28.5120,75.9062,29.2511,0.2000,MOVE,-2.0,0.0,all pads in MCU,58
VIA,GND,Multi Layer,49.5300,50.8000,,,0.6000,MOVE,-3.0,-5.0,all pads in WIFI,8
VIA,GND,Multi Layer,49.5300,49.1000,,,0.6000,MOVE,-3.0,-5.0,all pads in WIFI,9
VIA,GND,Multi Layer,47.8300,50.8000,,,0.6000,MOVE,-3.0,-5.0,all pads in WIFI,10
VIA,GND,Multi Layer,47.8300,49.1000,,,0.6000,MOVE,-3.0,-5.0,all pads in WIFI,11
VIA,GND,Multi Layer,48.6800,49.9500,,,0.6000,MOVE,-3.0,-5.0,all pads in WIFI,12
VIA,GND,Multi Layer,52.8300,50.8000,,,0.6000,MOVE,-3.0,-5.0,all pads in WIFI,13
VIA,GND,Multi Layer,52.8300,49.1000,,,0.6000,MOVE,-3.0,-5.0,all pads in WIFI,14
VIA,GND,Multi Layer,51.1300,50.8000,,,0.6000,MOVE,-3.0,-5.0,all pads in WIFI,15
VIA,GND,Multi Layer,51.1300,49.1000,,,0.6000,MOVE,-3.0,-5.0,all pads in WIFI,16
VIA,GND,Multi Layer,51.9800,49.9500,,,0.6000,MOVE,-3.0,-5.0,all pads in WIFI,17
VIA,GND,Multi Layer,52.8300,47.5000,,,0.6000,MOVE,-3.0,-5.0,all pads in WIFI,18
VIA,GND,Multi Layer,52.8300,45.8000,,,0.6000,MOVE,-3.0,-5.0,all pads in WIFI,19
VIA,GND,Multi Layer,51.1300,47.5000,,,0.6000,MOVE,-3.0,-5.0,all pads in WIFI,20
VIA,GND,Multi Layer,51.1300,45.8000,,,0.6000,MOVE,-3.0,-5.0,all pads in WIFI,21
VIA,GND,Multi Layer,51.9800,46.6500,,,0.6000,MOVE,-3.0,-5.0,all pads in WIFI,22
VIA,GND,Multi Layer,49.5300,47.5000,,,0.6000,MOVE,-3.0,-5.0,all pads in WIFI,23
VIA,GND,Multi Layer,49.5300,45.8000,,,0.6000,MOVE,-3.0,-5.0,all pads in WIFI,24
VIA,GND,Multi Layer,47.8300,47.5000,,,0.6000,MOVE,-3.0,-5.0,all pads in WIFI,25
VIA,GND,Multi Layer,47.8300,45.8000,,,0.6000,MOVE,-3.0,-5.0,all pads in WIFI,26
VIA,GND,Multi Layer,48.6800,46.6500,,,0.6000,MOVE,-3.0,-5.0,all pads in WIFI,27
VIA,GND,Multi Layer,42.2500,35.4000,,,0.6000,MOVE,-2.0,-0.8,all pads in LDO,59
TRACK,GND,Top Layer,41.6000,35.4000,42.2500,35.4000,0.2000,MOVE,-2.0,-0.8,all pads in LDO,59
VIA,GND,Multi Layer,35.5000,36.0500,,,0.6000,MOVE,-2.0,-0.8,all pads in LDO,60
TRACK,GND,Top Layer,35.5000,35.4000,35.5000,36.0500,0.2000,MOVE,-2.0,-0.8,all pads in LDO,60
VIA,GND,Multi Layer,19.2000,45.6000,,,0.6000,MOVE,0.0,-3.6,all pads in CHARGER,61
TRACK,GND,Top Layer,18.5500,45.6000,19.2000,45.6000,0.2000,MOVE,0.0,-3.6,all pads in CHARGER,61
VIA,GND,Multi Layer,28.0000,45.0000,,,0.6000,MOVE,0.0,-3.6,all pads in CHARGER,62
TRACK,GND,Top Layer,27.3500,45.0000,28.0000,45.0000,0.2000,MOVE,0.0,-3.6,all pads in CHARGER,62
VIA,GND,Multi Layer,59.7500,51.8000,,,0.6000,MOVE,-3.0,-5.0,all pads in WIFI,63
TRACK,GND,Top Layer,59.1000,51.8000,59.7500,51.8000,0.2000,MOVE,-3.0,-5.0,all pads in WIFI,63
VIA,GND,Multi Layer,58.8250,53.8000,,,0.6000,MOVE,-3.0,-5.0,all pads in WIFI,64
TRACK,GND,Top Layer,58.1750,53.8000,58.8250,53.8000,0.2000,MOVE,-3.0,-5.0,all pads in WIFI,64
VIA,GND,Multi Layer,55.4250,40.5250,,,0.6000,MOVE,-3.0,-5.0,all pads in WIFI,65
TRACK,GND,Top Layer,54.7750,40.5250,55.4250,40.5250,0.2000,MOVE,-3.0,-5.0,all pads in WIFI,65
VIA,GND,Multi Layer,46.5350,40.5250,,,0.6000,MOVE,-3.0,-5.0,all pads in WIFI,66
TRACK,GND,Top Layer,45.8850,40.5250,46.5350,40.5250,0.2000,MOVE,-3.0,-5.0,all pads in WIFI,66
VIA,GND,Multi Layer,65.6500,49.4786,,,0.6000,REMOVE,0,0,pads with different moves: C_MCU_VDD5,67
TRACK,GND,Top Layer,65.0000,49.4786,65.6500,49.4786,0.2000,REMOVE,0,0,pads with different moves: C_MCU_VDD5,67
VIA,GND,Multi Layer,81.7286,45.5000,,,0.6000,MOVE,-2.0,0.0,all pads in MCU,68
TRACK,GND,Top Layer,81.0786,45.5000,81.7286,45.5000,0.2000,MOVE,-2.0,0.0,all pads in MCU,68
VIA,GND,Multi Layer,78.6500,29.5214,,,0.6000,MOVE,-2.0,0.0,all pads in MCU,69
TRACK,GND,Top Layer,78.0000,29.5214,78.6500,29.5214,0.2000,MOVE,-2.0,0.0,all pads in MCU,69
VIA,GND,Multi Layer,60.8214,41.1500,,,0.6000,MOVE,-2.0,0.0,all pads in MCU,71
TRACK,GND,Top Layer,60.8214,40.5000,60.8214,41.1500,0.2000,MOVE,-2.0,0.0,all pads in MCU,71
VIA,GND,Multi Layer,59.8230,34.7500,,,0.6000,MOVE,-2.0,0.0,all pads in ADC_RC,72
TRACK,GND,Top Layer,59.8230,34.1000,59.8230,34.7500,0.2000,MOVE,-2.0,0.0,all pads in ADC_RC,72
VIA,GND,Multi Layer,77.5786,20.5500,,,0.6000,MOVE,-2.0,0.0,all pads in AFE,73
TRACK,GND,Top Layer,76.9286,20.5500,77.5786,20.5500,0.2000,MOVE,-2.0,0.0,all pads in AFE,73
VIA,GND,Multi Layer,25.5786,20.5500,,,0.6000,MOVE,-2.0,0.0,all pads in AFE,74
TRACK,GND,Top Layer,24.9286,20.5500,25.5786,20.5500,0.2000,MOVE,-2.0,0.0,all pads in AFE,74
VIA,GND,Multi Layer,23.0000,45.0000,,,0.5000,MOVE,0.0,-3.6,all pads in CHARGER,43
VIA,GND,Multi Layer,23.5000,44.5000,,,0.5000,MOVE,0.0,-3.6,all pads in CHARGER,44
VIA,GND,Multi Layer,23.5000,45.5000,,,0.5000,MOVE,0.0,-3.6,all pads in CHARGER,45
VIA,GND,Multi Layer,22.5000,45.5000,,,0.5000,MOVE,0.0,-3.6,all pads in CHARGER,46
VIA,GND,Multi Layer,22.5000,44.5000,,,0.5000,MOVE,0.0,-3.6,all pads in CHARGER,47
TRACK,VBUS,Top Layer,24.0167,47.0333,24.1500,47.3500,0.2500,MOVE,0.0,-3.6,all pads in CHARGER,51
TRACK,VBUS,Top Layer,23.8833,46.7167,24.0167,47.0333,0.2500,MOVE,0.0,-3.6,all pads in CHARGER,51
TRACK,VBUS,Top Layer,23.7500,46.4000,23.8833,46.7167,0.2500,MOVE,0.0,-3.6,all pads in CHARGER,51
TRACK,3V3_DIG,Top Layer,54.7750,54.0160,57.2250,53.8000,0.2500,MOVE,-3.0,-5.0,all pads in WIFI,52
TRACK,MCU_NRST,Top Layer,59.4786,39.0000,59.4786,39.8500,0.1500,MOVE,-2.0,0.0,all pads in MCU,78
TRACK,MCU_NRST,Top Layer,59.4786,39.8500,62.2000,39.8500,0.1500,MOVE,-2.0,0.0,all pads in MCU,78
TRACK,MCU_NRST,Top Layer,62.2000,39.0000,62.2000,39.8500,0.1500,MOVE,-2.0,0.0,all pads in MCU,78
TRACK,MCU_NRST,Top Layer,62.2000,39.0000,63.2620,39.0000,0.1500,MOVE,-2.0,0.0,all pads in MCU,78
TRACK,MCU_NRST,Top Layer,61.5000,39.0000,63.2620,39.0000,0.1500,MOVE,-2.0,0.0,all pads in MCU,78
TRACK,MCU_VCAP,Top Layer,75.6000,30.2880,76.0000,30.6880,0.2000,MOVE,-2.0,0.0,all pads in MCU,81
TRACK,MCU_VCAP,Top Layer,76.0000,30.6880,76.0000,31.7620,0.2000,MOVE,-2.0,0.0,all pads in MCU,81
TRACK,3V3_DIG,Top Layer,54.7750,41.4750,54.7750,42.5840,0.2500,MOVE,-3.0,-5.0,all pads in WIFI,82
TRACK,3V3_DIG,Top Layer,45.8850,41.4750,45.8850,42.5840,0.2500,MOVE,-3.0,-5.0,all pads in WIFI,83
TRACK,NetC_WIFI_X32_IN_2,Top Layer,52.2350,40.8000,52.8500,39.3000,0.1500,MOVE,-3.0,-5.0,all pads in WIFI,84
TRACK,NetC_WIFI_X32_OUT_2,Top Layer,50.3500,39.3000,50.9650,40.8000,0.1500,MOVE,-3.0,-5.0,all pads in WIFI,85
TRACK,WIFI_X32_RAW_IN,Top Layer,52.2350,41.6000,52.2350,42.5840,0.1500,MOVE,-3.0,-5.0,all pads in WIFI,86
TRACK,WIFI_X32_RAW_OUT,Top Layer,50.9650,41.6000,50.9650,42.5840,0.1500,MOVE,-3.0,-5.0,all pads in WIFI,87
TRACK,ADC_EMG5,Top Layer,67.5000,28.9229,68.5650,28.5000,0.1500,MOVE,-2.0,0.0,all pads in ADC_RC/MCU,92
TRACK,ADC_EMG5,Top Layer,66.5000,30.7500,66.5000,31.7620,0.1500,MOVE,-2.0,0.0,all pads in ADC_RC/MCU,92
TRACK,ADC_EMG5,Top Layer,66.5000,30.7500,66.7500,30.7500,0.1500,MOVE,-2.0,0.0,all pads in ADC_RC/MCU,92
TRACK,ADC_EMG5,Top Layer,66.7500,28.9230,66.7500,30.7500,0.1500,MOVE,-2.0,0.0,all pads in ADC_RC/MCU,92
TRACK,ADC_EMG5,Top Layer,66.7500,28.9230,67.5000,28.9230,0.1500,MOVE,-2.0,0.0,all pads in ADC_RC/MCU,92
TRACK,ADC_EMG5,Top Layer,67.5000,28.9230,68.5650,28.5000,0.1500,MOVE,-2.0,0.0,all pads in ADC_RC/MCU,92
TRACK,ADC_EMG1,Top Layer,60.7771,34.1000,62.0000,34.5350,0.1500,MOVE,-2.0,0.0,all pads in ADC_RC/MCU,95
TRACK,ADC_EMG1,Top Layer,62.0000,34.5350,63.2620,34.5000,0.1500,MOVE,-2.0,0.0,all pads in ADC_RC/MCU,95
TRACK,Vservo_1,Top Layer,17.3250,23.6250,17.3250,25.7000,0.1500,MOVE,-2.0,0.0,all pads in AFE,98
TRACK,Vservo_1,Top Layer,17.3250,23.6250,22.1500,23.6250,0.1500,MOVE,-2.0,0.0,all pads in AFE,98
TRACK,Vservo_1,Top Layer,22.1500,23.6250,22.1500,25.0500,0.1500,MOVE,-2.0,0.0,all pads in AFE,98
TRACK,NetCservo_1_1,Top Layer,20.6250,24.2000,20.6250,25.7000,0.1500,MOVE,-2.0,0.0,all pads in AFE,100
TRACK,NetCservo_1_1,Top Layer,20.6250,25.7000,22.1500,25.7000,0.1500,MOVE,-2.0,0.0,all pads in AFE,100
TRACK,NetCservo_1_1,Top Layer,20.2750,25.7000,22.1500,25.7000,0.1500,MOVE,-2.0,0.0,all pads in AFE,100
TRACK,NetCL_1_1,Top Layer,18.4000,29.4500,18.4000,29.9000,0.1500,MOVE,-2.0,0.0,all pads in AFE,104
TRACK,NetCL_1_1,Top Layer,15.1500,29.4500,18.4000,29.4500,0.1500,MOVE,-2.0,0.0,all pads in AFE,104
TRACK,NetCL_1_1,Top Layer,15.1500,29.4500,15.1500,30.5000,0.1500,MOVE,-2.0,0.0,all pads in AFE,104
TRACK,NetCH_1_2,Top Layer,19.5000,28.1930,22.1500,28.3000,0.1500,MOVE,-2.0,0.0,all pads in AFE,107
TRACK,NetCH_1_2,Top Layer,20.5000,28.1250,22.1500,28.3000,0.1500,MOVE,-2.0,0.0,all pads in AFE,107
TRACK,VOUT_1,Top Layer,19.5000,29.0570,22.1500,28.9500,0.1500,MOVE,-2.0,0.0,all pads in AFE,108
TRACK,VOUT_1,Top Layer,20.5000,29.1250,22.1500,28.9500,0.1500,MOVE,-2.0,0.0,all pads in AFE,108
TRACK,3V0_ANA,Top Layer,74.9754,20.5500,76.1714,20.5500,0.2000,MOVE,-2.0,0.0,all pads in AFE,109
TRACK,NetINA5_7,Top Layer,73.6749,21.0749,74.9000,22.3000,0.1500,MOVE,-2.0,0.0,all pads in AFE,112
TRACK,NetINA5_7,Top Layer,73.6749,20.5500,73.6749,21.0749,0.1500,MOVE,-2.0,0.0,all pads in AFE,112
TRACK,NetINA5_7,Top Layer,73.6749,20.5500,73.8786,21.7500,0.1500,MOVE,-2.0,0.0,all pads in AFE,112
TRACK,INA_OUT_5,Top Layer,72.9214,21.7500,73.0246,20.5500,0.1500,MOVE,-2.0,0.0,all pads in AFE,113
TRACK,3V0_ANA,Top Layer,22.9754,20.5500,24.1714,20.5500,0.2000,MOVE,-2.0,0.0,all pads in AFE,114
TRACK,NetINA1_7,Top Layer,21.6749,21.0749,22.9000,22.3000,0.1500,MOVE,-2.0,0.0,all pads in AFE,117
TRACK,NetINA1_7,Top Layer,21.6749,20.5500,21.6749,21.0749,0.1500,MOVE,-2.0,0.0,all pads in AFE,117
TRACK,NetINA1_7,Top Layer,21.6749,20.5500,21.8786,21.7500,0.1500,MOVE,-2.0,0.0,all pads in AFE,117
TRACK,INA_OUT_1,Top Layer,20.9214,21.7500,21.0246,20.5500,0.1500,MOVE,-2.0,0.0,all pads in AFE,118
TRACK,VBAT_CELL,Top Layer,20.4500,45.6000,20.8000,45.2500,0.3000,MOVE,0.0,-3.6,all pads in CHARGER,121
TRACK,VBAT_CELL,Top Layer,20.8000,45.2500,21.6000,45.2500,0.3000,MOVE,0.0,-3.6,all pads in CHARGER,121
TRACK,VBAT_CELL,Top Layer,21.6000,44.7500,21.6000,45.2500,0.2500,MOVE,0.0,-3.6,all pads in CHARGER,121
TRACK,VSYS,Top Layer,24.4000,44.7500,24.4000,45.2500,0.2500,MOVE,0.0,-3.6,all pads in CHARGER,123
TRACK,VSYS,Top Layer,24.4000,44.7500,25.4500,45.0000,0.3000,MOVE,0.0,-3.6,all pads in CHARGER,123
TRACK,3V3_DIG,Top Layer,35.4950,41.7000,35.6900,41.7000,0.2000,MOVE,0.0,-4.25,all pads in CONVERTER,126
TRACK,3V3_DIG,Top Layer,35.4950,41.7000,35.4950,45.9258,0.2000,MOVE,0.0,-4.25,all pads in CONVERTER,126
TRACK,3V3_DIG,Top Layer,35.4950,45.9258,36.6000,45.9258,0.2000,MOVE,0.0,-4.25,all pads in CONVERTER,126
TRACK,3V3_DIG,Top Layer,35.4893,42.7000,35.7786,42.7000,0.2000,MOVE,0.0,-4.25,all pads in CONVERTER,126
TRACK,3V3_DIG,Top Layer,35.4893,42.7000,35.4893,45.9258,0.2000,MOVE,0.0,-4.25,all pads in CONVERTER,126
TRACK,3V3_DIG,Top Layer,35.4893,45.9258,36.6000,45.9258,0.2000,MOVE,0.0,-4.25,all pads in CONVERTER,126
TRACK,3V3_DIG,Top Layer,34.7500,45.7350,36.6000,45.9258,0.3000,MOVE,0.0,-4.25,all pads in CONVERTER,126
TRACK,NetCUP4_FB_1,Top Layer,34.7500,44.2650,34.9100,41.7000,0.1500,MOVE,0.0,-4.25,all pads in CONVERTER,132
TRACK,NetCUP4_FB_1,Top Layer,33.9000,42.7000,34.7500,43.5500,0.1500,MOVE,0.0,-4.25,all pads in CONVERTER,132
TRACK,NetCUP4_FB_1,Top Layer,34.7500,43.5500,34.7500,44.2650,0.1500,MOVE,0.0,-4.25,all pads in CONVERTER,132
TRACK,NetCUP4_FB_1,Top Layer,34.7500,44.2650,34.8214,42.7000,0.1500,MOVE,0.0,-4.25,all pads in CONVERTER,132
TRACK,VSYS,Top Layer,31.4000,45.9500,33.2500,45.7350,0.3000,MOVE,0.0,-4.25,all pads in CONVERTER,135
TRACK,NetL1_2,Top Layer,34.2500,46.6500,34.8000,47.2000,0.3000,MOVE,0.0,-4.25,all pads in CONVERTER,137
TRACK,NetL1_2,Top Layer,34.2500,45.7350,34.2500,46.6500,0.3000,MOVE,0.0,-4.25,all pads in CONVERTER,137
TRACK,NetL1_1,Top Layer,33.2000,47.2000,33.7500,46.6500,0.3000,MOVE,0.0,-4.25,all pads in CONVERTER,139
TRACK,NetL1_1,Top Layer,33.7500,45.7350,33.7500,46.6500,0.3000,MOVE,0.0,-4.25,all pads in CONVERTER,139
