designator,src_uid,group,b_side,b_x,b_y,b_rot,c2_side,c2_x,c2_y,c2_rot,new_footprint
C1_EN1,\KWJFQQPD,PB_CTRL,Bottom,75.6099,43.35,180.0,Bottom,64.6899,39.35,180.0,
C1_MCU,\KNSGXSGY,MCU,Top,59.5,37.1,180.0,Top,48.58,33.1,180.0,
C2_EN1,\AUBOOCXZ,PB_CTRL,Bottom,75.51,39.95,0.0,Bottom,64.59,35.95,0.0,
C2_MCU,\TSGCAGJY,MCU,Top,57.5,37.1,0.0,Top,46.58,33.1,0.0,
C3_EN1,\BRZQATAL,PB_CTRL,Bottom,70.31,41.95,0.0,Bottom,59.39,37.95,0.0,
C3_MCU,\TDOPZFWR,MCU,Top,59.5,35.8,180.0,Top,48.58,31.8,180.0,
C4_MCU,\WPXKGRZF,MCU,Top,57.5,35.8,0.0,Top,46.58,31.8,0.0,
CCU1,\DPDOLLAJ,AFE,Top,22.55,20.55,0.0,Top,21.25,20.55,0.0,
CCU10,\PGDJRIFP,AFE,Top,74.55,20.55,0.0,Top,64.45,20.55,0.0,
CCU2,\MFMCRQQU,AFE,Top,22.55,19.55,180.0,Top,21.25,19.55,180.0,
CCU3,\CIMHMRWX,AFE,Top,35.55,19.55,180.0,Top,32.05,19.55,180.0,
CCU4,\PJWUZVFE,AFE,Top,35.55,20.55,0.0,Top,32.05,20.55,0.0,
CCU5,\PYTUSSRE,AFE,Top,48.55,19.55,180.0,Top,42.85,19.55,180.0,
CCU6,\EIDXTRHR,AFE,Top,48.55,20.55,0.0,Top,42.85,20.55,0.0,
CCU7,\KKLEFVPX,AFE,Top,61.55,19.55,180.0,Top,53.65,19.55,180.0,
CCU8,\XTYCAQJK,AFE,Top,61.55,20.55,0.0,Top,53.65,20.55,0.0,
CCU9,\MBHOTVHO,AFE,Top,74.55,19.55,180.0,Top,64.45,19.55,180.0,
CH_1,\MIJCOZNW,AFE,Top,17.5,28.625,270.0,Bottom,20.1,21.95,270,
CH_2,\VTQJFIQM,AFE,Top,34.5,27.625,270.0,Bottom,30.6,18.85,270,
CH_3,\BHEIABIF,AFE,Top,45.5,24.375,90.0,Bottom,41.6,21.95,270,
CH_4,\VBHITULI,AFE,Top,56.5,26.425,270.0,Bottom,52.2,18.85,270,
CH_5,\SDBPLGOM,AFE,Top,67.5,23.175,90.0,Bottom,63.2,21.95,270,
CL_1,\GNLAPLDE,AFE,Top,14.1,30.5,0.0,Bottom,21.0,24.75,0,
CL_2,\WSSOZXTJ,AFE,Top,31.1,29.5,0.0,Bottom,29.7,16.05,180,
CL_3,\TMGHLPAL,AFE,Top,49.7,23.7,180.0,Bottom,42.5,24.75,0,
CL_4,\KJVBWSRF,AFE,Top,53.1,28.3,0.0,Bottom,51.3,16.05,180,
CL_5,\YBRHADYL,AFE,Top,68.5,20.5,180.0,Bottom,64.1,24.75,0,
CU6_1,\UFCUTPNQ,GAUGE,Bottom,24.66,35.975,180.0,Bottom,22.16,31.975,180.0,
CUP4,\TDBSYUJF,CONVERTER,Top,36.6,40.75,270.0,Bottom,29.3194,37.965,270.0,
CUP4_1,\OCTWYPFX,CONVERTER,Top,31.4,40.75,270.0,Bottom,34.5194,37.965,270.0,
CUP4_FB,\XDRNRJCW,CONVERTER,Top,35.3,37.45,0.0,Bottom,30.6194,34.665,180.0,
CUP5_1,\KRWEPBDB,LDO,Top,33.9,34.6,180.0,Bottom,37.85,29.3375,0.0,
CUP5_2,\ALYAKZJE,LDO,Top,39.2,34.6,180.0,Bottom,32.55,29.3375,0.0,
CUP5_3,\GUCDCQUU,LDO,Top,40.0,33.0,180.0,Bottom,31.75,27.7375,0.0,
CUP5_5,\ZEQWUVAB,LDO,Top,33.5,36.2,180.0,Bottom,38.25,30.9375,0.0,
CU_11,\QTDZGZYC,AFE,Top,18.3,27.0,0.0,Bottom,19.3,19.85,0,
CU_12,\KZHXEMRX,AFE,Top,35.3,26.0,0.0,Bottom,31.4,20.95,180,
CU_14,\HFAFTJTT,AFE,Top,57.3,24.8,0.0,Bottom,53.0,20.95,180,
CU_21,\HBLBLIXO,AFE,Top,16.7,27.0,180.0,Bottom,21.05,19.85,0,
CU_22,\QFBGIYQT,AFE,Top,33.7,26.0,180.0,Bottom,29.65,20.95,180,
CU_24,\PSMZMIOA,AFE,Top,55.7,24.8,180.0,Bottom,51.25,20.95,180,
C_ADC1,\CWYZJILP,ADC_RC,Top,58.3,34.1,180.0,Top,47.38,30.1,180.0,
C_ADC2,\ECVYCTDZ,ADC_RC,Top,58.3,32.45,180.0,Top,47.38,28.45,180.0,
C_ADC3,\CNHMIMHQ,ADC_RC,Top,58.3,30.8,180.0,Top,47.38,26.8,180.0,
C_ADC4,\IWHUAAYK,ADC_RC,Top,62.6,29.4,270.0,Top,51.68,25.4,270.0,
C_ADC5,\BBGOTLNQ,ADC_RC,Top,65.5,29.4,90.0,Top,54.58,25.4,90.0,
C_BAT,\IENRODLZ,CHARGER,Top,19.5,42.0,180.0,Bottom,11.9625,42.0454,0,
C_DRL_DEC,\EDUIKKDR,AFE,Bottom,17.0,30.2,90.0,Bottom,13.5058,14.528,0,
C_DRL_FB,\XCYGPLDA,AFE,Bottom,23.45,33.05,90.0,Bottom,13.3777,13.7927,0,
C_IN_,\ZMESUDIN,CHARGER,Top,23.75,43.75,180.0,Bottom,14.35,36.4,0,
C_MCU_BULK,\XNGEFMHP,MCU,Top,78.75,47.9,90.0,Top,67.83,43.9,90.0,
C_MCU_VDD1,\QBPNORLY,MCU,Top,59.2,40.5,0.0,Top,48.28,36.5,0.0,
C_MCU_VDD2,\BIEOJUNV,MCU,Top,64.0,29.7,90.0,Top,53.08,25.7,90.0,
C_MCU_VDD3,\AUVFQSTI,MCU,Top,76.0,29.9,90.0,Top,65.08,25.9,90.0,
C_MCU_VDD4,\ABSRTBCD,MCU,Top,78.7,45.5,0.0,Top,67.78,41.5,0.0,
C_MCU_VDD5,\OOSRRHMX,MCU,Top,63.0,49.03,0.0,Top,52.08,45.03,0.0,
C_NRST,\UTOMCBIX,MCU,Top,57.1,39.0,180.0,Top,46.18,35.0,180.0,
C_OUT_,\PIABGTTK,CHARGER,Top,26.4,41.4,0.0,Bottom,16.6,39.65,90,
C_UV_BYPASS,\PQCLWCZB,SUPERVISOR,Bottom,25.9806,45.6,180.0,Bottom,36.0806,37.4,180.0,
C_VBAT,\DLLJRIAK,MCU,Top,59.2,43.0,0.0,Top,48.28,39.0,0.0,
C_VBUS,\IBSDRNQP,USB_IN,Top,18.7,40.6,0.0,Top,18.7,36.6,0.0,
C_VDDUSB,\CFQZTGVX,MCU,Top,78.7,44.1,0.0,Top,67.78,40.1,0.0,
C_WIFI_BULK,\MUJTZXJA,WIFI,Bottom,56.5,43.3,90.0,Bottom,45.58,39.3,90.0,
C_WIFI_EN,\PPSJUUVA,WIFI,Top,55.2,38.855,0.0,Top,44.28,34.855,0.0,
C_WIFI_VDD33,\PENDZXJR,WIFI,Top,53.8,35.5,270.0,Top,42.88,31.5,270.0,
C_WIFI_VDD33_HF,\VMMAYOTC,WIFI,Top,51.775,36.0,270.0,Top,40.855,32.0,270.0,
C_WIFI_VDDIO1,\IMKSJAJJ,WIFI,Top,41.0,35.5,90.0,Top,30.08,31.5,90.0,
C_WIFI_VDDIO1_HF,\GADJTTCJ,WIFI,Top,42.885,36.0,270.0,Top,31.965,32.0,270.0,
C_WIFI_VDDIO2,\CQCYPVDO,WIFI,Top,55.15,46.8,180.0,Top,44.23,42.8,180.0,
C_WIFI_VDDIO2_HF,\KDNLJRNG,WIFI,Top,54.7,48.8,180.0,Top,43.78,44.8,180.0,
C_WIFI_X32_IN,\HUBJPMZN,WIFI,Top,49.85,32.4,90.0,Top,38.93,28.4,90.0,
C_WIFI_X32_OUT,\ETMOXEBV,WIFI,Top,47.35,32.4,90.0,Top,36.43,28.4,90.0,
Cdiv,\ETGTIIWG,AFE,Top,18.6,30.0,0.0,Bottom,16.4,26.8,0,
Cdiv_1,\TXUADNCR,AFE,Top,27.9,25.0,180.0,Bottom,16.1,24.8,0,
Cdiv_10uF,\KISCTGDZ,AFE,Top,30.2,24.8,180.0,Bottom,13.0,26.8,0,
Cservo_1,\UVWABFOM,AFE,Top,16.8,25.7,180.0,Bottom,21.7,17.65,0,
Cservo_2,\DWQPLJLU,AFE,Top,33.8,24.7,180.0,Bottom,29.0,23.15,180,
Cservo_3,\TCDKMOJA,AFE,Top,46.2,27.3,0.0,Bottom,43.2,17.65,0,
Cservo_4,\BSAHUQLV,AFE,Top,55.8,23.5,180.0,Bottom,50.6,23.15,180,
Cservo_5,\RHWVFLVY,AFE,Top,68.2,26.1,0.0,Bottom,64.8,17.65,0,
D_CC_ESD,\MGTRVJRM,USB_IN,Top,19.8,44.9,180.0,Top,19.8,40.9,180.0,
D_VBUS,\UMZWIQYE,USB_IN,Top,18.5,38.4,90.0,Top,18.5,34.4,90.0,
FP:TP_3V0_ANA,,FREEPAD_LDO,Top,38.75,35.7,0.0,Top,34.1995,29.2875,0,
FP:TP_3V3_DIG,,FREEPAD_CONVERTER,Top,36.5,43.25,0.0,Top,29.424,38.5723,0,
FP:TP_GND_ANA,,FREEPAD_AFE,Top,16.25,28.0,0.0,Top,12.5,16.2,0,
FP:TP_GND_DIG,,FREEPAD_MCU,Top,82.5,43.0,0.0,Top,56.671,44.829,0,
FP:TP_GND_PWR,,FREEPAD_BATTERY,Top,19.3,32.35,0.0,Top,22.7014,36.1695,0,
FP:TP_VBAT_CELL,,FREEPAD_BATTERY,Top,17.0,31.25,0.0,Top,25.9589,40.6478,0,
FP:TP_VBUS,,FREEPAD_CHARGER,Top,26.25,43.9,0.0,Top,14.2247,34.2521,0,
FP:TP_VOUT_1,,FREEPAD_ADC_RC,Top,56.25,33.75,0.0,Top,45.33,29.75,0.0,
FP:TP_VOUT_2,,FREEPAD_ADC_RC,Top,59.25,29.25,0.0,Top,48.33,25.25,0.0,
FP:TP_VOUT_3,,FREEPAD_ADC_RC,Top,56.75,29.25,0.0,Top,45.83,25.25,0.0,
FP:TP_VOUT_4,,FREEPAD_ADC_RC,Top,55.25,31.25,0.0,Top,44.33,27.25,0.0,
FP:TP_VOUT_5,,FREEPAD_ADC_RC,Top,68.5,28.5,0.0,Top,57.58,24.5,0.0,
FP:TP_VREF_A,,FREEPAD_AFE,Top,25.75,23.75,0.0,Top,12.5,18.2,0,
FP:TP_VREF_B_SRC,,FREEPAD_AFE,Top,25.75,30.25,0.0,Top,12.5,20.2,0,
FP:TP_VSYS,,FREEPAD_CHARGER,Top,25.5,39.9,0.0,Top,18.5425,38.4199,0,
INA1,\DSSHWZCG,AFE,Top,20.0,18.2,0.0,Top,18.7,18.2,0.0,
INA2,\WODSVRPQ,AFE,Top,33.0,18.2,0.0,Top,29.5,18.2,0.0,
INA3,\DEHQBDJR,AFE,Top,46.0,18.2,0.0,Top,40.3,18.2,0.0,
INA4,\XTNWSMDW,AFE,Top,59.0,18.2,0.0,Top,51.1,18.2,0.0,
INA5,\WFMTJBTJ,AFE,Top,72.0,18.2,0.0,Top,61.9,18.2,0.0,
JP_WIFI_BOOT,\MTPFUPUN,SERVICE,Top,80.4,17.4,0.0,Bottom,29.3772,40.7732,0,Y
J_FPC1,\HRDNIWOC,AFE,Top,20.0,12.2,0.0,Top,18.7,12.2,0.0,
J_FPC2,\VHZAIESE,AFE,Top,33.0,12.2,0.0,Top,29.5,12.2,0.0,
J_FPC3,\MNABROKH,AFE,Top,46.0,12.2,0.0,Top,40.3,12.2,0.0,
J_FPC4,\WOQIDMIX,AFE,Top,59.0,12.2,0.0,Top,51.1,12.2,0.0,
J_FPC5,\VCZZVCHC,AFE,Top,72.0,12.2,0.0,Top,61.9,12.2,0.0,
J_Li-Po,\VQEFQNBX,BATTERY,Top,12.0,33.3,0.0,Top,24.2275,35.313,90,
J_REF,\IDYBTGZF,AFE,Top,12.5,19.0,0.0,Top,11.93,12.2,0,
J_SWD,\KSTMQYKV,SERVICE,Top,81.0,30.2,90.0,Top,25.4275,28.9,90,Y
J_USB_C,\OOAEFXTY,USB_IN,Top,12.4,43.4,270.0,Top,12.4,39.4,270.0,
L1,\TMEFFVKY,CONVERTER,Top,34.0,42.95,180.0,Bottom,31.9194,40.165,0.0,
LED_CHG,\EZYWKPBA,CHARGER,Top,27.5,48.4,0.0,Top,25.4275,43.6,90,
MCU_VCAP,\YNNCTDAI,MCU,Top,73.6,29.4,90.0,Top,62.68,25.4,90.0,
PWR_BTN_N,\FPRAKXRU,BUTTON,Top,34.9,47.07,0.0,Top,14.71,27.6207,0,
Q_SHDN,\UKRIVBCR,PB_CTRL,Bottom,67.41,41.95,0.0,Bottom,56.49,37.95,0.0,
RDD1,\DXKLSNMY,AFE,Top,25.8,16.8,0.0,Top,24.5,16.8,0.0,
RDD10,\EHJREJHQ,AFE,Top,64.8,16.8,0.0,Top,56.9,16.8,0.0,
RDD11,\PLJRMBKM,AFE,Top,64.8,15.0,0.0,Top,56.9,15.0,0.0,
RDD12,\CQWOMJFQ,AFE,Top,64.8,18.6,0.0,Top,56.9,18.6,0.0,
RDD13,\PXMMUANO,AFE,Top,77.4,16.8,0.0,Top,67.3,16.8,0.0,
RDD14,\FDBDAWRR,AFE,Top,77.4,15.0,0.0,Top,67.3,15.0,0.0,
RDD15,\STOXUDFL,AFE,Top,77.4,18.6,0.0,Top,67.3,18.6,0.0,
RDD2,\HMVRSXGQ,AFE,Top,25.8,15.0,0.0,Top,24.5,15.0,0.0,
RDD3,\MJVHHMBB,AFE,Top,25.8,18.6,0.0,Top,24.5,18.6,0.0,
RDD4,\IIVQUIPI,AFE,Top,38.8,16.8,0.0,Top,35.3,16.8,0.0,
RDD5,\WQFXLLGW,AFE,Top,38.8,15.0,0.0,Top,35.3,15.0,0.0,
RDD6,\LLIMCPGT,AFE,Top,38.8,18.6,0.0,Top,35.3,18.6,0.0,
RDD7,\TDEFUSFF,AFE,Top,51.8,16.8,0.0,Top,46.1,16.8,0.0,
RDD8,\SWXJGUAX,AFE,Top,51.8,15.0,0.0,Top,46.1,15.0,0.0,
RDD9,\WRVCRTAX,AFE,Top,51.8,18.6,0.0,Top,46.1,18.6,0.0,
RGN_1,\GHXDVMLT,AFE,Top,16.9,29.9,0.0,Bottom,21.9,21.95,270,
RGN_2,\AAUNNEUQ,AFE,Top,33.9,28.9,0.0,Bottom,28.8,18.85,270,
RGN_3,\HVJKHQAD,AFE,Top,46.9,23.7,180.0,Bottom,43.4,21.95,270,
RGN_4,\AMATVKYL,AFE,Top,55.9,27.7,0.0,Bottom,50.4,18.85,270,
RGN_5,\VMZMEQFA,AFE,Top,68.1,21.9,180.0,Bottom,65.0,21.95,270,
RG_1,\UTRITBAK,AFE,Top,18.5,28.625,90.0,Bottom,18.9,21.95,270,
RG_2,\SMJLTCCR,AFE,Top,35.5,27.625,90.0,Bottom,31.8,18.85,270,
RG_3,\IWTKXABD,AFE,Top,44.5,24.375,270.0,Bottom,40.4,21.95,270,
RG_4,\LGIUMXWW,AFE,Top,57.5,26.425,90.0,Bottom,53.4,18.85,270,
RG_5,\LNKDIMXT,AFE,Top,66.5,23.175,270.0,Bottom,62.0,21.95,270,
RH_1,\GTEBNYHJ,AFE,Top,19.4,21.75,0.0,Top,18.1,21.75,0.0,
RH_2,\TENFJOUW,AFE,Top,32.4,21.75,0.0,Top,28.9,21.75,0.0,
RH_3,\XMOCRDMS,AFE,Top,45.4,21.75,0.0,Top,39.7,21.75,0.0,
RH_4,\AABTCOUS,AFE,Top,57.2,21.75,0.0,Top,49.3,21.75,0.0,
RH_5,\BRQYYKEO,AFE,Top,71.4,21.75,0.0,Top,61.3,21.75,0.0,
RISET,\SSYPHZYI,CHARGER,Top,21.0,47.4,270.0,Bottom,12.9914,36.5414,270,
RJ1,\ZKMVMVBH,USB_IN,Top,18.9,47.1,0.0,Top,18.9,43.1,0.0,
RJ2,\UZEVJROT,USB_IN,Top,18.9,48.1,0.0,Top,18.9,44.1,0.0,
RL_1,\HHHGPCFY,AFE,Top,21.4,22.3,0.0,Top,20.1,22.3,0.0,
RL_2,\TELITLFC,AFE,Top,34.4,22.3,0.0,Top,30.9,22.3,0.0,
RL_3,\XBCKMMOI,AFE,Top,47.4,22.3,0.0,Top,41.7,22.3,0.0,
RL_4,\BXVEUIPV,AFE,Top,60.2,21.7,0.0,Top,52.3,21.7,0.0,
RL_5,\DRPDTLDH,AFE,Top,73.4,22.3,0.0,Top,63.3,22.3,0.0,
RUP_3,\FVAOALWX,CONVERTER,Top,35.3,38.45,0.0,Bottom,30.6194,35.665,180.0,
RUP_4,\DIXYKNNS,CONVERTER,Top,33.4,38.45,0.0,Bottom,32.5194,35.665,180.0,
RV1,\FJSJEKUM,AFE,Top,28.2,26.0,180.0,Bottom,12.0,24.8,0,
RV2,\ACJROGAV,AFE,Top,28.2,27.0,0.0,Bottom,14.1,24.8,0,
R_ADC1,\TKCPYGKF,ADC_RC,Top,60.0,34.1,90.0,Top,49.08,30.1,90.0,
R_ADC2,\CFTIPEZE,ADC_RC,Top,60.0,32.45,90.0,Top,49.08,28.45,90.0,
R_ADC3,\VPQHMOBO,ADC_RC,Top,60.0,30.8,90.0,Top,49.08,26.8,90.0,
R_ADC4,\RNNLSOJY,ADC_RC,Top,60.8,29.4,0.0,Top,49.88,25.4,0.0,
R_ADC5,\CWCXIEPU,ADC_RC,Top,67.0,28.5,180.0,Top,56.08,24.5,180.0,
R_AL,\KHERGLLP,GAUGE,Bottom,19.66,35.475,180.0,Bottom,17.16,31.475,180.0,
R_CHG_LED,\DPJOEUUL,CHARGER,Top,28.0,46.5,0.0,Bottom,18.0,40.15,90,
R_DRL_FB,\EIJHLSNJ,AFE,Bottom,23.45,30.2,90.0,Bottom,12.9825,16.5027,0,
R_DRL_OUT1,\SMIJZRZG,AFE,Bottom,14.0,29.5,0.0,Bottom,11.5601,14.6024,90,
R_DRL_OUT2,\QLOEDQON,AFE,Bottom,14.0,31.3,0.0,Bottom,17.9,15.2,90,
R_DRL_SEL,\DMIZMQOS,AFE,Bottom,11.9,21.7,0.0,Bottom,17.1997,12.8185,0,
R_DRL_VA1,\RIFJGQGL,AFE,Bottom,12.5,23.5,0.0,Bottom,16.8,11.4,0,
R_DRL_VA2,\MVYFQFIQ,AFE,Bottom,15.85,23.5,0.0,Bottom,26.2,11.4,0,
R_DRL_VA3,\UBNLRAIB,AFE,Bottom,19.2,23.5,0.0,Bottom,37.0,11.4,0,
R_DRL_VA4,\ADWZPFZU,AFE,Bottom,22.55,23.5,0.0,Bottom,47.8,11.4,0,
R_DRL_VA5,\SHYIMMPG,AFE,Bottom,25.9,23.5,0.0,Bottom,58.6,11.4,0,
R_DRL_VB1,\LZLPZBNE,AFE,Bottom,12.5,25.3,0.0,Bottom,19.3,11.4,0,
R_DRL_VB2,\QVAUFHQD,AFE,Bottom,15.85,25.3,0.0,Bottom,29.5,11.4,0,
R_DRL_VB3,\OJYINECL,AFE,Bottom,19.2,25.3,0.0,Bottom,40.3,11.4,0,
R_DRL_VB4,\IHMMSDCU,AFE,Bottom,22.55,25.3,0.0,Bottom,51.1,11.4,0,
R_DRL_VB5,\GLRUZBWG,AFE,Bottom,25.9,25.3,0.0,Bottom,61.9,11.4,0,
R_DRL_VC1,\IHATGGJF,AFE,Bottom,12.5,27.1,0.0,Bottom,22.0,11.4,0,
R_DRL_VC2,\EAWUJWHA,AFE,Bottom,15.85,27.1,0.0,Bottom,32.8,11.4,0,
R_DRL_VC3,\XXOACUDZ,AFE,Bottom,19.2,27.1,0.0,Bottom,43.6,11.4,0,
R_DRL_VC4,\HGWJYRWC,AFE,Bottom,22.55,27.1,0.0,Bottom,54.4,11.4,0,
R_DRL_VC5,\AGXVAPNG,AFE,Bottom,25.9,27.1,0.0,Bottom,65.2,11.4,0,
R_EN,\HYXOCZMX,SUPERVISOR,Bottom,27.6806,48.8,180.0,Bottom,37.7806,40.6,180.0,
R_EN1_1,\TTIIGMKO,PB_CTRL,Bottom,75.41,44.25,180.0,Bottom,64.49,40.25,180.0,
R_EN1_BIAS,\EAFZMWMK,CHARGER,Top,22.9,38.4,90.0,Bottom,14.15,42.3999,90,
R_EN_PD,\LCJTGOVC,PULLS_PWR,Bottom,34.4,31.6,180.0,Bottom,37.9222,26.6685,0,
R_INT_PULLUP,\KYNUZFOC,PB_CTRL,Bottom,70.51,39.75,0.0,Bottom,59.59,35.75,0.0,
R_KILL_PU,\SCZGXJMM,PB_CTRL,Bottom,70.51,43.45,180.0,Bottom,59.59,39.45,180.0,
R_LIM,\XBDBQAEM,CHARGER,Top,26.0,42.7,180.0,Bottom,16.3493,37.6819,0,
R_MCU_BOOT0_PD,\VDIEWLTB,MCU,Top,66.0,49.06,0.0,Top,55.08,45.06,0.0,
R_NRST,\QJKCHWBH,MCU,Top,59.0,39.0,180.0,Top,48.08,35.0,180.0,
R_PGOOD,\EFWQJZYR,PULLS_PWR,Bottom,27.5,38.6,90.0,Bottom,13.9513,44.3974,90,
R_SCL,\ZJWQWTCI,GAUGE,Bottom,19.86,36.575,180.0,Bottom,17.36,32.575,180.0,
R_SDA,\VKNWNXOB,GAUGE,Bottom,19.86,37.575,180.0,Bottom,17.36,33.575,180.0,
R_SHDN_G,\QHLZMLVE,PB_CTRL,Bottom,64.6099,41.25,180.0,Bottom,53.6899,37.25,180.0,
R_SHDN_PD,\RXBFSGOA,PB_CTRL,Bottom,64.6099,42.45,180.0,Bottom,53.6899,38.45,180.0,
R_SPI_CS,\SNTSEMSL,MCU,Top,69.4,30.05,90.0,Top,58.48,26.05,90.0,
R_SPI_MISO,\FDPXAZPM,WIFI,Top,40.0,48.2,180.0,Top,29.08,44.2,180.0,
R_SPI_MOSI,\SJCHDUPS,MCU,Top,68.0,30.05,90.0,Top,57.08,26.05,90.0,
R_SPI_SCK,\OHVPHCBD,MCU,Top,66.6,30.05,90.0,Top,55.68,26.05,90.0,
R_TH_BAT,\ZLRLAHMN,BATTERY,Top,20.7,33.9,0.0,Top,26.7975,37.853,90,
R_TMR,\QYGIVNSS,CHARGER,Top,27.4,44.0,90.0,Bottom,14.1973,35.4622,0,
R_TS_BOTTOM,\IGQWSYEF,CHARGER,Top,22.9,45.9,90.0,Bottom,11.1945,40.349,270,
R_TS_SER,\NAFFNVVJ,CHARGER,Top,22.5,44.6,0.0,Bottom,10.8,38.65,270,
R_TS_TOP,\XVULIBXW,CHARGER,Top,22.0,46.0,90.0,Bottom,11.2812,37.2023,0,
R_VREF1,\QFKDQFCI,AFE,Top,28.2,30.2,90.0,Top,22.6,12.4,90,
R_VREF2,\JMOUPRZI,AFE,Top,30.0,31.4,90.0,Top,33.4,12.4,90,
R_VREF3,\JVORZKQG,AFE,Top,31.8,31.4,90.0,Top,44.2,12.4,90,
R_VREF4,\AUHMVSOL,AFE,Top,34.1,31.0,90.0,Top,55.0,12.4,90,
R_VREF5,\BBZTKGIX,AFE,Top,35.4,30.2,90.0,Top,65.8,12.4,90,
R_WIFI_BOOT_OVR,\JHBKEAOF,SERVICE,Bottom,81.2,13.5,180.0,Bottom,32.3236,34.643,0,
R_WIFI_BOOT_PD,\RVSVFDEJ,WIFI,Top,39.8,43.8,0.0,Top,28.88,39.8,0.0,
R_WIFI_CS_PD,\QTYCRYBX,WIFI,Top,57.6,47.7,90.0,Top,46.68,43.7,90.0,
R_WIFI_EN_PD,\FVUSOYNM,WIFI,Top,56.7,41.9,90.0,Top,45.78,37.9,90.0,
R_WIFI_UART_RX_LINK,\CIDDSZKB,SERVICE,Top,78.5,29.2,90.0,Bottom,43.626,42.705,0,
R_WIFI_UART_TX_LINK,\RWADYVLY,SERVICE,Top,78.5,31.0,90.0,Bottom,43.626,41.205,0,
R_WIFI_X32_IN,\AQDTTYJJ,WIFI,Top,49.235,36.2,90.0,Top,38.315,32.2,90.0,
R_WIFI_X32_OUT,\HWQTGBHH,WIFI,Top,47.965,36.2,90.0,Top,37.045,32.2,90.0,
R_ref,\RHCQBFUS,AFE,Top,14.5,21.4,0.0,Bottom,13.2,15.4,0,
Rservo_1,\PSZVEKRQ,AFE,Top,18.2,24.2,180.0,Bottom,21.7,15.55,0,
Rservo_2,\DEQBHYPW,AFE,Top,35.2,23.2,180.0,Bottom,29.0,25.25,180,
Rservo_3,\DDDUPUBM,AFE,Top,44.8,28.8,0.0,Bottom,43.2,15.55,0,
Rservo_4,\CUKOCDYB,AFE,Top,56.4,20.8,180.0,Bottom,50.6,25.25,180,
Rservo_5,\UKEROLLK,AFE,Top,66.8,27.6,0.0,Bottom,64.8,15.55,0,
TP_GND,\MHVJUVGG,SERVICE,Top,80.5,20.9,90.0,Bottom,45.626,44.205,0,Y
TP_MCU_BOOT0,\NNKBKDEF,SERVICE,Top,83.0,20.9,90.0,Bottom,55.08,41.238,0,Y
TP_WIFI_BOOT,\EJNJMUWS,SERVICE,Top,83.0,27.2,90.0,Bottom,33.9868,40.1058,0,Y
TP_WIFI_CHIP_EN,\AWUTTQUS,SERVICE,Top,83.0,24.05,90.0,Bottom,43.626,34.855,0,Y
TP_WIFI_UART_RX,\YLIAAGMA,SERVICE,Top,80.5,27.2,90.0,Bottom,47.226,40.205,0,Y
TP_WIFI_UART_TX,\VIKGRCCI,SERVICE,Top,80.5,24.05,90.0,Bottom,45.626,42.205,0,Y
U1,\QOKRMXJP,AFE,Top,23.0,27.0,0.0,Bottom,14.6,20.4,180,
U2,\CKMXBZMJ,AFE,Top,40.0,26.0,0.0,Bottom,36.1,20.4,0,
U3,\KZGSLJKL,AFE,Top,62.0,24.8,0.0,Bottom,57.7,20.4,0,
UP1,\YKMTSZTB,CHARGER,Top,23.0,41.4,0.0,Bottom,13.6,39.4,0,
UP2,\EVAFRUDB,CONVERTER,Top,34.0,40.75,270.0,Bottom,31.9194,37.965,270.0,
UP3,\ENLJXAQB,LDO,Top,36.5,33.6,0.0,Bottom,35.25,28.3375,180.0,
UP4,\ZDTOIZKI,GAUGE,Bottom,22.2599,36.275,180.0,Bottom,19.7599,32.275,180.0,
U_DRL1,\CFETKXYL,AFE,Bottom,20.0,31.0,90.0,Bottom,15.7,15.48,180,
U_EN1,\DVFTQBLP,PB_CTRL,Bottom,73.41,41.65,180.0,Bottom,62.49,37.65,180.0,
U_MCU1,\FKRKTDLG,MCU,Top,69.0,39.5,0.0,Top,58.08,35.5,0.0,
U_UV1,\WHQRJQJM,SUPERVISOR,Bottom,28.6806,44.5,180.0,Bottom,38.7806,36.3,180.0,
U_WIFI1,\SHCDGROH,WIFI,Top,47.0,45.8,0.0,Top,36.08,41.8,0.0,
X_WIFI_32K,\YXUYAHMA,WIFI,Top,48.6,34.3,180.0,Top,37.68,30.3,180.0,
