kind,group,net,layer,x1,y1,x2,y2,w,d,h,conn,relax
TRACK,R64:NetPWR_BTN_N_A,NetPWR_BTN_N_A,Top Layer,18.175,29.325,23.825,29.325,0.15,,,"NetPWR_BTN_N_A|Track (12.175mm,29.525mm)(17.225mm,29.525mm) on L1 TOP|Pad U_EN1-2(63.8mm,37.975mm) on L6 BOTTOM",0
TRACK,R64:NetPWR_BTN_N_A,NetPWR_BTN_N_A,Mid Layer 2,23.825,29.325,23.975,29.325,0.15,,,"NetPWR_BTN_N_A|Track (12.175mm,29.525mm)(17.225mm,29.525mm) on L1 TOP|Pad U_EN1-2(63.8mm,37.975mm) on L6 BOTTOM",0
TRACK,R64:NetPWR_BTN_N_A,NetPWR_BTN_N_A,Mid Layer 2,23.975,29.325,28.025,25.275,0.15,,,"NetPWR_BTN_N_A|Track (12.175mm,29.525mm)(17.225mm,29.525mm) on L1 TOP|Pad U_EN1-2(63.8mm,37.975mm) on L6 BOTTOM",0
TRACK,R64:NetPWR_BTN_N_A,NetPWR_BTN_N_A,Mid Layer 2,28.025,25.275,37.475,25.275,0.15,,,"NetPWR_BTN_N_A|Track (12.175mm,29.525mm)(17.225mm,29.525mm) on L1 TOP|Pad U_EN1-2(63.8mm,37.975mm) on L6 BOTTOM",0
TRACK,R64:NetPWR_BTN_N_A,NetPWR_BTN_N_A,Mid Layer 2,37.475,25.275,37.575,25.175,0.15,,,"NetPWR_BTN_N_A|Track (12.175mm,29.525mm)(17.225mm,29.525mm) on L1 TOP|Pad U_EN1-2(63.8mm,37.975mm) on L6 BOTTOM",0
TRACK,R64:NetPWR_BTN_N_A,NetPWR_BTN_N_A,Mid Layer 2,37.575,25.175,38.125,25.175,0.15,,,"NetPWR_BTN_N_A|Track (12.175mm,29.525mm)(17.225mm,29.525mm) on L1 TOP|Pad U_EN1-2(63.8mm,37.975mm) on L6 BOTTOM",0
TRACK,R64:NetPWR_BTN_N_A,NetPWR_BTN_N_A,Mid Layer 2,38.125,25.175,38.225,25.275,0.15,,,"NetPWR_BTN_N_A|Track (12.175mm,29.525mm)(17.225mm,29.525mm) on L1 TOP|Pad U_EN1-2(63.8mm,37.975mm) on L6 BOTTOM",0
TRACK,R64:NetPWR_BTN_N_A,NetPWR_BTN_N_A,Mid Layer 2,38.225,25.275,44.175,25.275,0.15,,,"NetPWR_BTN_N_A|Track (12.175mm,29.525mm)(17.225mm,29.525mm) on L1 TOP|Pad U_EN1-2(63.8mm,37.975mm) on L6 BOTTOM",0
TRACK,R64:NetPWR_BTN_N_A,NetPWR_BTN_N_A,Mid Layer 2,44.175,25.275,44.775,24.675,0.15,,,"NetPWR_BTN_N_A|Track (12.175mm,29.525mm)(17.225mm,29.525mm) on L1 TOP|Pad U_EN1-2(63.8mm,37.975mm) on L6 BOTTOM",0
TRACK,R64:NetPWR_BTN_N_A,NetPWR_BTN_N_A,Bottom Layer,44.775,24.675,46.575,22.875,0.15,,,"NetPWR_BTN_N_A|Track (12.175mm,29.525mm)(17.225mm,29.525mm) on L1 TOP|Pad U_EN1-2(63.8mm,37.975mm) on L6 BOTTOM",0
TRACK,R64:NetPWR_BTN_N_A,NetPWR_BTN_N_A,Mid Layer 2,46.575,22.875,49.975,22.875,0.15,,,"NetPWR_BTN_N_A|Track (12.175mm,29.525mm)(17.225mm,29.525mm) on L1 TOP|Pad U_EN1-2(63.8mm,37.975mm) on L6 BOTTOM",0
TRACK,R64:NetPWR_BTN_N_A,NetPWR_BTN_N_A,Mid Layer 2,49.975,22.875,50.025,22.825,0.15,,,"NetPWR_BTN_N_A|Track (12.175mm,29.525mm)(17.225mm,29.525mm) on L1 TOP|Pad U_EN1-2(63.8mm,37.975mm) on L6 BOTTOM",0
TRACK,R64:NetPWR_BTN_N_A,NetPWR_BTN_N_A,Mid Layer 2,50.025,22.825,58.275,22.825,0.15,,,"NetPWR_BTN_N_A|Track (12.175mm,29.525mm)(17.225mm,29.525mm) on L1 TOP|Pad U_EN1-2(63.8mm,37.975mm) on L6 BOTTOM",0
TRACK,R64:NetPWR_BTN_N_A,NetPWR_BTN_N_A,Mid Layer 2,58.275,22.825,60.225,24.775,0.15,,,"NetPWR_BTN_N_A|Track (12.175mm,29.525mm)(17.225mm,29.525mm) on L1 TOP|Pad U_EN1-2(63.8mm,37.975mm) on L6 BOTTOM",0
TRACK,R64:NetPWR_BTN_N_A,NetPWR_BTN_N_A,Mid Layer 2,60.225,24.775,60.375,24.775,0.15,,,"NetPWR_BTN_N_A|Track (12.175mm,29.525mm)(17.225mm,29.525mm) on L1 TOP|Pad U_EN1-2(63.8mm,37.975mm) on L6 BOTTOM",0
TRACK,R64:NetPWR_BTN_N_A,NetPWR_BTN_N_A,Mid Layer 2,60.375,24.775,61.6245,26.0245,0.15,,,"NetPWR_BTN_N_A|Track (12.175mm,29.525mm)(17.225mm,29.525mm) on L1 TOP|Pad U_EN1-2(63.8mm,37.975mm) on L6 BOTTOM",0
TRACK,R64:NetPWR_BTN_N_A,NetPWR_BTN_N_A,Mid Layer 2,61.6245,26.0245,62.025,26.425,0.15,,,"NetPWR_BTN_N_A|Track (12.175mm,29.525mm)(17.225mm,29.525mm) on L1 TOP|Pad U_EN1-2(63.8mm,37.975mm) on L6 BOTTOM",0
TRACK,R64:NetPWR_BTN_N_A,NetPWR_BTN_N_A,Mid Layer 2,62.025,26.425,62.025,37.675,0.15,,,"NetPWR_BTN_N_A|Track (12.175mm,29.525mm)(17.225mm,29.525mm) on L1 TOP|Pad U_EN1-2(63.8mm,37.975mm) on L6 BOTTOM",0
TRACK,R64:NetPWR_BTN_N_A,NetPWR_BTN_N_A,Mid Layer 2,62.025,37.675,62.475,38.125,0.15,,,"NetPWR_BTN_N_A|Track (12.175mm,29.525mm)(17.225mm,29.525mm) on L1 TOP|Pad U_EN1-2(63.8mm,37.975mm) on L6 BOTTOM",0
TRACK,R64:NetPWR_BTN_N_A,NetPWR_BTN_N_A,Mid Layer 2,62.475,38.125,62.775,38.125,0.15,,,"NetPWR_BTN_N_A|Track (12.175mm,29.525mm)(17.225mm,29.525mm) on L1 TOP|Pad U_EN1-2(63.8mm,37.975mm) on L6 BOTTOM",0
TRACK,R64:NetPWR_BTN_N_A,NetPWR_BTN_N_A,Bottom Layer,62.775,38.125,62.825,38.075,0.15,,,"NetPWR_BTN_N_A|Track (12.175mm,29.525mm)(17.225mm,29.525mm) on L1 TOP|Pad U_EN1-2(63.8mm,37.975mm) on L6 BOTTOM",0
TRACK,R64:NetPWR_BTN_N_A,NetPWR_BTN_N_A,Bottom Layer,62.825,38.075,63.225,38.075,0.15,,,"NetPWR_BTN_N_A|Track (12.175mm,29.525mm)(17.225mm,29.525mm) on L1 TOP|Pad U_EN1-2(63.8mm,37.975mm) on L6 BOTTOM",0
VIA,R64:NetPWR_BTN_N_A,NetPWR_BTN_N_A,Multi Layer,23.825,29.325,,,,0.45,0.2,"NetPWR_BTN_N_A|Track (12.175mm,29.525mm)(17.225mm,29.525mm) on L1 TOP|Pad U_EN1-2(63.8mm,37.975mm) on L6 BOTTOM",0
VIA,R64:NetPWR_BTN_N_A,NetPWR_BTN_N_A,Multi Layer,44.775,24.675,,,,0.45,0.2,"NetPWR_BTN_N_A|Track (12.175mm,29.525mm)(17.225mm,29.525mm) on L1 TOP|Pad U_EN1-2(63.8mm,37.975mm) on L6 BOTTOM",0
VIA,R64:NetPWR_BTN_N_A,NetPWR_BTN_N_A,Multi Layer,46.575,22.875,,,,0.45,0.2,"NetPWR_BTN_N_A|Track (12.175mm,29.525mm)(17.225mm,29.525mm) on L1 TOP|Pad U_EN1-2(63.8mm,37.975mm) on L6 BOTTOM",0
VIA,R64:NetPWR_BTN_N_A,NetPWR_BTN_N_A,Multi Layer,62.775,38.125,,,,0.45,0.2,"NetPWR_BTN_N_A|Track (12.175mm,29.525mm)(17.225mm,29.525mm) on L1 TOP|Pad U_EN1-2(63.8mm,37.975mm) on L6 BOTTOM",0
TRACK,R77:NetCservo_4_1,NetCservo_4_1,Bottom Layer,52.575,22.375,53.275,22.375,0.15,,,"NetCservo_4_1|Pad Cservo_4-1(52.075mm,23.15mm) on L4 BOTTOM GND [Unplated]|Pad U3-6(54.85mm,21.7mm) on L4 BOTTOM GND",0
TRACK,R77:NetCservo_4_1,NetCservo_4_1,Bottom Layer,53.275,22.375,53.825,21.825,0.15,,,"NetCservo_4_1|Pad Cservo_4-1(52.075mm,23.15mm) on L4 BOTTOM GND [Unplated]|Pad U3-6(54.85mm,21.7mm) on L4 BOTTOM GND",0
TRACK,R77:NetCservo_4_1,NetCservo_4_1,Bottom Layer,53.825,21.825,54.025,21.825,0.15,,,"NetCservo_4_1|Pad Cservo_4-1(52.075mm,23.15mm) on L4 BOTTOM GND [Unplated]|Pad U3-6(54.85mm,21.7mm) on L4 BOTTOM GND",0
