kind,group,net,layer,x1,y1,x2,y2,w,d,h,conn
TRACK,ROUTE_PLAN_C2R2_OK.csv|R23:NetJ_REF_1,NetJ_REF_1,Top Layer,15.175,12.025,15.375,12.025,0.2,,,"NetJ_REF_1|Pad J_REF-2(14.47mm,12.2mm) on Multi-Layer|Pad R_DRL_SEL-2(22.142mm,13.558mm) on L4 BOTTOM GND"
TRACK,ROUTE_PLAN_C2R2_OK.csv|R23:NetJ_REF_1,NetJ_REF_1,Top Layer,15.375,12.025,16.675,10.725,0.2,,,"NetJ_REF_1|Pad J_REF-2(14.47mm,12.2mm) on Multi-Layer|Pad R_DRL_SEL-2(22.142mm,13.558mm) on L4 BOTTOM GND"
TRACK,ROUTE_PLAN_C2R2_OK.csv|R23:NetJ_REF_1,NetJ_REF_1,Top Layer,16.675,10.725,22.525,10.725,0.2,,,"NetJ_REF_1|Pad J_REF-2(14.47mm,12.2mm) on Multi-Layer|Pad R_DRL_SEL-2(22.142mm,13.558mm) on L4 BOTTOM GND"
TRACK,ROUTE_PLAN_C2R2_OK.csv|R23:NetJ_REF_1,NetJ_REF_1,Top Layer,22.525,10.725,23.425,11.625,0.2,,,"NetJ_REF_1|Pad J_REF-2(14.47mm,12.2mm) on Multi-Layer|Pad R_DRL_SEL-2(22.142mm,13.558mm) on L4 BOTTOM GND"
TRACK,ROUTE_PLAN_C2R2_OK.csv|R23:NetJ_REF_1,NetJ_REF_1,Top Layer,23.425,11.625,23.425,12.525,0.2,,,"NetJ_REF_1|Pad J_REF-2(14.47mm,12.2mm) on Multi-Layer|Pad R_DRL_SEL-2(22.142mm,13.558mm) on L4 BOTTOM GND"
TRACK,ROUTE_PLAN_C2R2_OK.csv|R23:NetJ_REF_1,NetJ_REF_1,Bottom Layer,23.425,12.525,23.275,12.525,0.2,,,"NetJ_REF_1|Pad J_REF-2(14.47mm,12.2mm) on Multi-Layer|Pad R_DRL_SEL-2(22.142mm,13.558mm) on L4 BOTTOM GND"
TRACK,ROUTE_PLAN_C2R2_OK.csv|R23:NetJ_REF_1,NetJ_REF_1,Bottom Layer,23.275,12.525,22.525,13.275,0.2,,,"NetJ_REF_1|Pad J_REF-2(14.47mm,12.2mm) on Multi-Layer|Pad R_DRL_SEL-2(22.142mm,13.558mm) on L4 BOTTOM GND"
VIA,ROUTE_PLAN_C2R2_OK.csv|R23:NetJ_REF_1,NetJ_REF_1,Multi Layer,23.425,12.525,,,,0.6,0.3,"NetJ_REF_1|Pad J_REF-2(14.47mm,12.2mm) on Multi-Layer|Pad R_DRL_SEL-2(22.142mm,13.558mm) on L4 BOTTOM GND"
TRACK,ROUTE_PLAN_C2R2_OK.csv|R53:DRL_LIMITED,DRL_LIMITED,Bottom Layer,20.325,15.425,20.475,15.275,0.2,,,"DRL_LIMITED|Pad R_DRL_OUT2-2(19.896mm,15.724mm) on L4 BOTTOM GND|Pad R_DRL_SEL-1(22.142mm,12.108mm) on L4 BOTTOM GND"
TRACK,ROUTE_PLAN_C2R2_OK.csv|R53:DRL_LIMITED,DRL_LIMITED,Bottom Layer,20.475,15.275,20.475,15.075,0.2,,,"DRL_LIMITED|Pad R_DRL_OUT2-2(19.896mm,15.724mm) on L4 BOTTOM GND|Pad R_DRL_SEL-1(22.142mm,12.108mm) on L4 BOTTOM GND"
TRACK,ROUTE_PLAN_C2R2_OK.csv|R53:DRL_LIMITED,DRL_LIMITED,Bottom Layer,20.475,15.075,21.225,14.325,0.2,,,"DRL_LIMITED|Pad R_DRL_OUT2-2(19.896mm,15.724mm) on L4 BOTTOM GND|Pad R_DRL_SEL-1(22.142mm,12.108mm) on L4 BOTTOM GND"
TRACK,ROUTE_PLAN_C2R2_OK.csv|R53:DRL_LIMITED,DRL_LIMITED,Bottom Layer,21.225,14.325,21.225,13.075,0.2,,,"DRL_LIMITED|Pad R_DRL_OUT2-2(19.896mm,15.724mm) on L4 BOTTOM GND|Pad R_DRL_SEL-1(22.142mm,12.108mm) on L4 BOTTOM GND"
TRACK,ROUTE_PLAN_C2R2_OK.csv|R53:DRL_LIMITED,DRL_LIMITED,Bottom Layer,21.225,13.075,21.725,12.575,0.2,,,"DRL_LIMITED|Pad R_DRL_OUT2-2(19.896mm,15.724mm) on L4 BOTTOM GND|Pad R_DRL_SEL-1(22.142mm,12.108mm) on L4 BOTTOM GND"
TRACK,ROUTE_PLAN_C2R2_OK.csv|R53:DRL_LIMITED,DRL_LIMITED,Bottom Layer,21.725,12.575,21.725,12.425,0.2,,,"DRL_LIMITED|Pad R_DRL_OUT2-2(19.896mm,15.724mm) on L4 BOTTOM GND|Pad R_DRL_SEL-1(22.142mm,12.108mm) on L4 BOTTOM GND"
TRACK,ROUTE_PLAN_C2R2_OK.csv|R56:DRL_SUM,DRL_SUM,Bottom Layer,15.025,16.875,15.375,16.875,0.15,,,"DRL_SUM|Track (11.906mm,13.925mm)(12.975mm,13.925mm) on L4 BOTTOM GND|Pad R_DRL_VA1-2(16.95mm,10.975mm) on L4 BOTTOM GND"
TRACK,ROUTE_PLAN_C2R2_OK.csv|R56:DRL_SUM,DRL_SUM,Mid Layer 2,15.375,16.875,17.95,16.875,0.15,,,"DRL_SUM|Track (11.906mm,13.925mm)(12.975mm,13.925mm) on L4 BOTTOM GND|Pad R_DRL_VA1-2(16.95mm,10.975mm) on L4 BOTTOM GND"
TRACK,ROUTE_PLAN_C2R2_OK.csv|R56:DRL_SUM,DRL_SUM,Mid Layer 2,17.95,16.875,20.075,16.875,0.15,,,"DRL_SUM|Track (11.906mm,13.925mm)(12.975mm,13.925mm) on L4 BOTTOM GND|Pad R_DRL_VA1-2(16.95mm,10.975mm) on L4 BOTTOM GND"
TRACK,ROUTE_PLAN_C2R2_OK.csv|R56:DRL_SUM,DRL_SUM,Mid Layer 2,20.075,16.875,23.425,20.225,0.15,,,"DRL_SUM|Track (11.906mm,13.925mm)(12.975mm,13.925mm) on L4 BOTTOM GND|Pad R_DRL_VA1-2(16.95mm,10.975mm) on L4 BOTTOM GND"
TRACK,ROUTE_PLAN_C2R2_OK.csv|R56:DRL_SUM,DRL_SUM,Mid Layer 2,23.425,20.225,24.675,20.225,0.15,,,"DRL_SUM|Track (11.906mm,13.925mm)(12.975mm,13.925mm) on L4 BOTTOM GND|Pad R_DRL_VA1-2(16.95mm,10.975mm) on L4 BOTTOM GND"
TRACK,ROUTE_PLAN_C2R2_OK.csv|R56:DRL_SUM,DRL_SUM,Mid Layer 2,24.675,20.225,25.075,19.825,0.15,,,"DRL_SUM|Track (11.906mm,13.925mm)(12.975mm,13.925mm) on L4 BOTTOM GND|Pad R_DRL_VA1-2(16.95mm,10.975mm) on L4 BOTTOM GND"
TRACK,ROUTE_PLAN_C2R2_OK.csv|R56:DRL_SUM,DRL_SUM,Mid Layer 2,25.075,19.825,25.075,12.375,0.15,,,"DRL_SUM|Track (11.906mm,13.925mm)(12.975mm,13.925mm) on L4 BOTTOM GND|Pad R_DRL_VA1-2(16.95mm,10.975mm) on L4 BOTTOM GND"
TRACK,ROUTE_PLAN_C2R2_OK.csv|R56:DRL_SUM,DRL_SUM,Mid Layer 2,25.075,12.375,23.475,10.775,0.15,,,"DRL_SUM|Track (11.906mm,13.925mm)(12.975mm,13.925mm) on L4 BOTTOM GND|Pad R_DRL_VA1-2(16.95mm,10.975mm) on L4 BOTTOM GND"
TRACK,ROUTE_PLAN_C2R2_OK.csv|R56:DRL_SUM,DRL_SUM,Bottom Layer,23.475,10.775,20.875,10.775,0.15,,,"DRL_SUM|Track (11.906mm,13.925mm)(12.975mm,13.925mm) on L4 BOTTOM GND|Pad R_DRL_VA1-2(16.95mm,10.975mm) on L4 BOTTOM GND"
VIA,ROUTE_PLAN_C2R2_OK.csv|R56:DRL_SUM,DRL_SUM,Multi Layer,15.375,16.875,,,,0.45,0.2,"DRL_SUM|Track (11.906mm,13.925mm)(12.975mm,13.925mm) on L4 BOTTOM GND|Pad R_DRL_VA1-2(16.95mm,10.975mm) on L4 BOTTOM GND"
VIA,ROUTE_PLAN_C2R2_OK.csv|R56:DRL_SUM,DRL_SUM,Multi Layer,23.475,10.775,,,,0.45,0.2,"DRL_SUM|Track (11.906mm,13.925mm)(12.975mm,13.925mm) on L4 BOTTOM GND|Pad R_DRL_VA1-2(16.95mm,10.975mm) on L4 BOTTOM GND"
TRACK,ROUTE_PLAN_C2R2_OK.csv|R57:DRL_SUM,DRL_SUM,Bottom Layer,31.675,10.875,33.275,10.875,0.2,,,"DRL_SUM|Pad R_DRL_VC2-2(31.25mm,10.975mm) on L4 BOTTOM GND|Pad R_DRL_VA3-2(38.55mm,10.975mm) on L4 BOTTOM GND"
TRACK,ROUTE_PLAN_C2R2_OK.csv|R57:DRL_SUM,DRL_SUM,Top Layer,33.275,10.875,37.075,10.875,0.2,,,"DRL_SUM|Pad R_DRL_VC2-2(31.25mm,10.975mm) on L4 BOTTOM GND|Pad R_DRL_VA3-2(38.55mm,10.975mm) on L4 BOTTOM GND"
TRACK,ROUTE_PLAN_C2R2_OK.csv|R57:DRL_SUM,DRL_SUM,Bottom Layer,37.075,10.875,38.125,10.875,0.2,,,"DRL_SUM|Pad R_DRL_VC2-2(31.25mm,10.975mm) on L4 BOTTOM GND|Pad R_DRL_VA3-2(38.55mm,10.975mm) on L4 BOTTOM GND"
VIA,ROUTE_PLAN_C2R2_OK.csv|R57:DRL_SUM,DRL_SUM,Multi Layer,33.275,10.875,,,,0.6,0.3,"DRL_SUM|Pad R_DRL_VC2-2(31.25mm,10.975mm) on L4 BOTTOM GND|Pad R_DRL_VA3-2(38.55mm,10.975mm) on L4 BOTTOM GND"
VIA,ROUTE_PLAN_C2R2_OK.csv|R57:DRL_SUM,DRL_SUM,Multi Layer,37.075,10.875,,,,0.6,0.3,"DRL_SUM|Pad R_DRL_VC2-2(31.25mm,10.975mm) on L4 BOTTOM GND|Pad R_DRL_VA3-2(38.55mm,10.975mm) on L4 BOTTOM GND"
TRACK,ROUTE_PLAN_C2R2_OK.csv|R58:DRL_SUM,DRL_SUM,Bottom Layer,53.275,10.875,54.875,10.875,0.2,,,"DRL_SUM|Pad R_DRL_VC4-2(52.85mm,10.975mm) on L4 BOTTOM GND|Pad R_DRL_VA5-2(60.15mm,10.975mm) on L4 BOTTOM GND"
TRACK,ROUTE_PLAN_C2R2_OK.csv|R58:DRL_SUM,DRL_SUM,Top Layer,54.875,10.875,58.675,10.875,0.2,,,"DRL_SUM|Pad R_DRL_VC4-2(52.85mm,10.975mm) on L4 BOTTOM GND|Pad R_DRL_VA5-2(60.15mm,10.975mm) on L4 BOTTOM GND"
TRACK,ROUTE_PLAN_C2R2_OK.csv|R58:DRL_SUM,DRL_SUM,Bottom Layer,58.675,10.875,59.725,10.875,0.2,,,"DRL_SUM|Pad R_DRL_VC4-2(52.85mm,10.975mm) on L4 BOTTOM GND|Pad R_DRL_VA5-2(60.15mm,10.975mm) on L4 BOTTOM GND"
VIA,ROUTE_PLAN_C2R2_OK.csv|R58:DRL_SUM,DRL_SUM,Multi Layer,54.875,10.875,,,,0.6,0.3,"DRL_SUM|Pad R_DRL_VC4-2(52.85mm,10.975mm) on L4 BOTTOM GND|Pad R_DRL_VA5-2(60.15mm,10.975mm) on L4 BOTTOM GND"
VIA,ROUTE_PLAN_C2R2_OK.csv|R58:DRL_SUM,DRL_SUM,Multi Layer,58.675,10.875,,,,0.6,0.3,"DRL_SUM|Pad R_DRL_VC4-2(52.85mm,10.975mm) on L4 BOTTOM GND|Pad R_DRL_VA5-2(60.15mm,10.975mm) on L4 BOTTOM GND"
TRACK,ROUTE_PLAN_C2R2_OK.csv|R59:DRL_SUM,DRL_SUM,Mid Layer 2,25.075,12.325,26.375,11.025,0.2,,,"DRL_SUM|Pad R_DRL_VC1-2(20.45mm,10.975mm) on L4 BOTTOM GND|Pad R_DRL_VA2-2(27.75mm,10.975mm) on L4 BOTTOM GND"
TRACK,ROUTE_PLAN_C2R2_OK.csv|R59:DRL_SUM,DRL_SUM,Bottom Layer,26.375,11.025,27.325,11.025,0.2,,,"DRL_SUM|Pad R_DRL_VC1-2(20.45mm,10.975mm) on L4 BOTTOM GND|Pad R_DRL_VA2-2(27.75mm,10.975mm) on L4 BOTTOM GND"
VIA,ROUTE_PLAN_C2R2_OK.csv|R59:DRL_SUM,DRL_SUM,Multi Layer,26.375,11.025,,,,0.6,0.3,"DRL_SUM|Pad R_DRL_VC1-2(20.45mm,10.975mm) on L4 BOTTOM GND|Pad R_DRL_VA2-2(27.75mm,10.975mm) on L4 BOTTOM GND"
TRACK,ROUTE_PLAN_C2R2_OK.csv|R60:DRL_SUM,DRL_SUM,Bottom Layer,42.475,10.875,44.175,10.875,0.2,,,"DRL_SUM|Pad R_DRL_VC3-2(42.05mm,10.975mm) on L4 BOTTOM GND|Pad R_DRL_VA4-2(49.35mm,10.975mm) on L4 BOTTOM GND"
TRACK,ROUTE_PLAN_C2R2_OK.csv|R60:DRL_SUM,DRL_SUM,Top Layer,44.175,10.875,47.875,10.875,0.2,,,"DRL_SUM|Pad R_DRL_VC3-2(42.05mm,10.975mm) on L4 BOTTOM GND|Pad R_DRL_VA4-2(49.35mm,10.975mm) on L4 BOTTOM GND"
TRACK,ROUTE_PLAN_C2R2_OK.csv|R60:DRL_SUM,DRL_SUM,Bottom Layer,47.875,10.875,48.925,10.875,0.2,,,"DRL_SUM|Pad R_DRL_VC3-2(42.05mm,10.975mm) on L4 BOTTOM GND|Pad R_DRL_VA4-2(49.35mm,10.975mm) on L4 BOTTOM GND"
VIA,ROUTE_PLAN_C2R2_OK.csv|R60:DRL_SUM,DRL_SUM,Multi Layer,44.175,10.875,,,,0.6,0.3,"DRL_SUM|Pad R_DRL_VC3-2(42.05mm,10.975mm) on L4 BOTTOM GND|Pad R_DRL_VA4-2(49.35mm,10.975mm) on L4 BOTTOM GND"
VIA,ROUTE_PLAN_C2R2_OK.csv|R60:DRL_SUM,DRL_SUM,Multi Layer,47.875,10.875,,,,0.6,0.3,"DRL_SUM|Pad R_DRL_VC3-2(42.05mm,10.975mm) on L4 BOTTOM GND|Pad R_DRL_VA4-2(49.35mm,10.975mm) on L4 BOTTOM GND"
TRACK,ROUTE_PLAN_C2TRIAL_OK.csv|R156:NetINA2_3,NetINA2_3,Top Layer,29.825,15.325,29.825,15.125,0.2,,,"NetINA2_3|Pad INA2-3(29.825mm,15.85mm) on L1 TOP|Pad RDD4-2(35.812mm,16.8mm) on L1 TOP"
TRACK,ROUTE_PLAN_C2TRIAL_OK.csv|R156:NetINA2_3,NetINA2_3,Top Layer,29.825,15.125,30.075,14.875,0.2,,,"NetINA2_3|Pad INA2-3(29.825mm,15.85mm) on L1 TOP|Pad RDD4-2(35.812mm,16.8mm) on L1 TOP"
TRACK,ROUTE_PLAN_C2TRIAL_OK.csv|R156:NetINA2_3,NetINA2_3,Top Layer,30.075,14.875,31.675,14.875,0.2,,,"NetINA2_3|Pad INA2-3(29.825mm,15.85mm) on L1 TOP|Pad RDD4-2(35.812mm,16.8mm) on L1 TOP"
TRACK,ROUTE_PLAN_C2TRIAL_OK.csv|R156:NetINA2_3,NetINA2_3,Top Layer,31.675,14.875,34.425,17.625,0.2,,,"NetINA2_3|Pad INA2-3(29.825mm,15.85mm) on L1 TOP|Pad RDD4-2(35.812mm,16.8mm) on L1 TOP"
TRACK,ROUTE_PLAN_C2TRIAL_OK.csv|R156:NetINA2_3,NetINA2_3,Top Layer,34.425,17.625,35.675,17.625,0.2,,,"NetINA2_3|Pad INA2-3(29.825mm,15.85mm) on L1 TOP|Pad RDD4-2(35.812mm,16.8mm) on L1 TOP"
TRACK,ROUTE_PLAN_C2TRIAL_OK.csv|R159:NetINA4_3,NetINA4_3,Top Layer,51.425,15.325,51.425,15.125,0.2,,,"NetINA4_3|Pad INA4-3(51.425mm,15.85mm) on L1 TOP|Pad RDD10-2(57.412mm,16.8mm) on L1 TOP"
TRACK,ROUTE_PLAN_C2TRIAL_OK.csv|R159:NetINA4_3,NetINA4_3,Top Layer,51.425,15.125,51.675,14.875,0.2,,,"NetINA4_3|Pad INA4-3(51.425mm,15.85mm) on L1 TOP|Pad RDD10-2(57.412mm,16.8mm) on L1 TOP"
TRACK,ROUTE_PLAN_C2TRIAL_OK.csv|R159:NetINA4_3,NetINA4_3,Top Layer,51.675,14.875,53.275,14.875,0.2,,,"NetINA4_3|Pad INA4-3(51.425mm,15.85mm) on L1 TOP|Pad RDD10-2(57.412mm,16.8mm) on L1 TOP"
TRACK,ROUTE_PLAN_C2TRIAL_OK.csv|R159:NetINA4_3,NetINA4_3,Top Layer,53.275,14.875,56.025,17.625,0.2,,,"NetINA4_3|Pad INA4-3(51.425mm,15.85mm) on L1 TOP|Pad RDD10-2(57.412mm,16.8mm) on L1 TOP"
TRACK,ROUTE_PLAN_C2TRIAL_OK.csv|R159:NetINA4_3,NetINA4_3,Top Layer,56.025,17.625,57.275,17.625,0.2,,,"NetINA4_3|Pad INA4-3(51.425mm,15.85mm) on L1 TOP|Pad RDD10-2(57.412mm,16.8mm) on L1 TOP"
TRACK,ROUTE_PLAN_C2TRIAL_OK.csv|R160:NetINA5_2,NetINA5_2,Top Layer,61.575,15.325,61.575,15.125,0.2,,,"NetINA5_2|Pad INA5-2(61.575mm,15.85mm) on L1 TOP|Pad RDD14-2(67.8mm,15mm) on L1 TOP"
TRACK,ROUTE_PLAN_C2TRIAL_OK.csv|R160:NetINA5_2,NetINA5_2,Top Layer,61.575,15.125,62.425,14.275,0.2,,,"NetINA5_2|Pad INA5-2(61.575mm,15.85mm) on L1 TOP|Pad RDD14-2(67.8mm,15mm) on L1 TOP"
TRACK,ROUTE_PLAN_C2TRIAL_OK.csv|R160:NetINA5_2,NetINA5_2,Top Layer,62.425,14.275,67.225,14.275,0.2,,,"NetINA5_2|Pad INA5-2(61.575mm,15.85mm) on L1 TOP|Pad RDD14-2(67.8mm,15mm) on L1 TOP"
TRACK,ROUTE_PLAN_C2TRIAL_OK.csv|R160:NetINA5_2,NetINA5_2,Top Layer,67.225,14.275,67.675,14.725,0.2,,,"NetINA5_2|Pad INA5-2(61.575mm,15.85mm) on L1 TOP|Pad RDD14-2(67.8mm,15mm) on L1 TOP"
TRACK,ROUTE_PLAN_C2TRIAL_OK.csv|R161:NetINA2_2,NetINA2_2,Top Layer,29.175,15.325,29.175,14.975,0.2,,,"NetINA2_2|Pad INA2-2(29.175mm,15.85mm) on L1 TOP|Pad RDD5-2(35.8mm,15mm) on L1 TOP"
TRACK,ROUTE_PLAN_C2TRIAL_OK.csv|R161:NetINA2_2,NetINA2_2,Top Layer,29.175,14.975,29.875,14.275,0.2,,,"NetINA2_2|Pad INA2-2(29.175mm,15.85mm) on L1 TOP|Pad RDD5-2(35.8mm,15mm) on L1 TOP"
TRACK,ROUTE_PLAN_C2TRIAL_OK.csv|R161:NetINA2_2,NetINA2_2,Top Layer,29.875,14.275,35.225,14.275,0.2,,,"NetINA2_2|Pad INA2-2(29.175mm,15.85mm) on L1 TOP|Pad RDD5-2(35.8mm,15mm) on L1 TOP"
TRACK,ROUTE_PLAN_C2TRIAL_OK.csv|R161:NetINA2_2,NetINA2_2,Top Layer,35.225,14.275,35.675,14.725,0.2,,,"NetINA2_2|Pad INA2-2(29.175mm,15.85mm) on L1 TOP|Pad RDD5-2(35.8mm,15mm) on L1 TOP"
TRACK,ROUTE_PLAN_C2TRIAL_OK.csv|R162:NetINA1_2,NetINA1_2,Top Layer,18.375,15.325,18.375,15.125,0.2,,,"NetINA1_2|Pad INA1-2(18.375mm,15.85mm) on L1 TOP|Pad RDD2-2(25mm,15mm) on L1 TOP"
TRACK,ROUTE_PLAN_C2TRIAL_OK.csv|R162:NetINA1_2,NetINA1_2,Top Layer,18.375,15.125,19.225,14.275,0.2,,,"NetINA1_2|Pad INA1-2(18.375mm,15.85mm) on L1 TOP|Pad RDD2-2(25mm,15mm) on L1 TOP"
TRACK,ROUTE_PLAN_C2TRIAL_OK.csv|R162:NetINA1_2,NetINA1_2,Top Layer,19.225,14.275,24.425,14.275,0.2,,,"NetINA1_2|Pad INA1-2(18.375mm,15.85mm) on L1 TOP|Pad RDD2-2(25mm,15mm) on L1 TOP"
TRACK,ROUTE_PLAN_C2TRIAL_OK.csv|R162:NetINA1_2,NetINA1_2,Top Layer,24.425,14.275,24.875,14.725,0.2,,,"NetINA1_2|Pad INA1-2(18.375mm,15.85mm) on L1 TOP|Pad RDD2-2(25mm,15mm) on L1 TOP"
TRACK,ROUTE_PLAN_C2TRIAL_OK.csv|R163:NetINA3_2,NetINA3_2,Top Layer,39.975,15.325,39.975,15.125,0.2,,,"NetINA3_2|Pad INA3-2(39.975mm,15.85mm) on L1 TOP|Pad RDD8-2(46.6mm,15mm) on L1 TOP"
TRACK,ROUTE_PLAN_C2TRIAL_OK.csv|R163:NetINA3_2,NetINA3_2,Top Layer,39.975,15.125,40.825,14.275,0.2,,,"NetINA3_2|Pad INA3-2(39.975mm,15.85mm) on L1 TOP|Pad RDD8-2(46.6mm,15mm) on L1 TOP"
TRACK,ROUTE_PLAN_C2TRIAL_OK.csv|R163:NetINA3_2,NetINA3_2,Top Layer,40.825,14.275,46.025,14.275,0.2,,,"NetINA3_2|Pad INA3-2(39.975mm,15.85mm) on L1 TOP|Pad RDD8-2(46.6mm,15mm) on L1 TOP"
TRACK,ROUTE_PLAN_C2TRIAL_OK.csv|R163:NetINA3_2,NetINA3_2,Top Layer,46.025,14.275,46.475,14.725,0.2,,,"NetINA3_2|Pad INA3-2(39.975mm,15.85mm) on L1 TOP|Pad RDD8-2(46.6mm,15mm) on L1 TOP"
TRACK,ROUTE_PLAN_C2TRIAL_OK.csv|R164:NetINA4_2,NetINA4_2,Top Layer,50.775,15.325,50.775,14.975,0.2,,,"NetINA4_2|Pad INA4-2(50.775mm,15.85mm) on L1 TOP|Pad RDD11-2(57.4mm,15mm) on L1 TOP"
TRACK,ROUTE_PLAN_C2TRIAL_OK.csv|R164:NetINA4_2,NetINA4_2,Top Layer,50.775,14.975,51.475,14.275,0.2,,,"NetINA4_2|Pad INA4-2(50.775mm,15.85mm) on L1 TOP|Pad RDD11-2(57.4mm,15mm) on L1 TOP"
TRACK,ROUTE_PLAN_C2TRIAL_OK.csv|R164:NetINA4_2,NetINA4_2,Top Layer,51.475,14.275,56.825,14.275,0.2,,,"NetINA4_2|Pad INA4-2(50.775mm,15.85mm) on L1 TOP|Pad RDD11-2(57.4mm,15mm) on L1 TOP"
TRACK,ROUTE_PLAN_C2TRIAL_OK.csv|R164:NetINA4_2,NetINA4_2,Top Layer,56.825,14.275,57.275,14.725,0.2,,,"NetINA4_2|Pad INA4-2(50.775mm,15.85mm) on L1 TOP|Pad RDD11-2(57.4mm,15mm) on L1 TOP"
TRACK,ROUTE_PLAN_C2TRIAL_OK.csv|R171:VREF_B_SRC,VREF_B_SRC,Top Layer,14.625,15.275,15.1058,15.275,0.2,,,"VREF_B_SRC|Pad U_DRL1-3(14.75mm,14.08mm) on L4 BOTTOM GND|Pad R_VREF1-1(22.6mm,11.888mm) on L1 TOP"
TRACK,ROUTE_PLAN_C2TRIAL_OK.csv|R171:VREF_B_SRC,VREF_B_SRC,Top Layer,15.1058,15.275,16.925,15.275,0.2,,,"VREF_B_SRC|Pad U_DRL1-3(14.75mm,14.08mm) on L4 BOTTOM GND|Pad R_VREF1-1(22.6mm,11.888mm) on L1 TOP"
TRACK,ROUTE_PLAN_C2TRIAL_OK.csv|R171:VREF_B_SRC,VREF_B_SRC,Top Layer,16.925,15.275,17.95,14.25,0.2,,,"VREF_B_SRC|Pad U_DRL1-3(14.75mm,14.08mm) on L4 BOTTOM GND|Pad R_VREF1-1(22.6mm,11.888mm) on L1 TOP"
TRACK,ROUTE_PLAN_C2TRIAL_OK.csv|R171:VREF_B_SRC,VREF_B_SRC,Top Layer,17.95,14.25,18.475,13.725,0.2,,,"VREF_B_SRC|Pad U_DRL1-3(14.75mm,14.08mm) on L4 BOTTOM GND|Pad R_VREF1-1(22.6mm,11.888mm) on L1 TOP"
TRACK,ROUTE_PLAN_C2TRIAL_OK.csv|R171:VREF_B_SRC,VREF_B_SRC,Top Layer,18.475,13.725,20.675,13.725,0.2,,,"VREF_B_SRC|Pad U_DRL1-3(14.75mm,14.08mm) on L4 BOTTOM GND|Pad R_VREF1-1(22.6mm,11.888mm) on L1 TOP"
TRACK,ROUTE_PLAN_C2TRIAL_OK.csv|R171:VREF_B_SRC,VREF_B_SRC,Top Layer,20.675,13.725,21.925,12.475,0.2,,,"VREF_B_SRC|Pad U_DRL1-3(14.75mm,14.08mm) on L4 BOTTOM GND|Pad R_VREF1-1(22.6mm,11.888mm) on L1 TOP"
TRACK,ROUTE_PLAN_C2TRIAL_OK.csv|R171:VREF_B_SRC,VREF_B_SRC,Top Layer,21.925,12.475,21.925,12.425,0.2,,,"VREF_B_SRC|Pad U_DRL1-3(14.75mm,14.08mm) on L4 BOTTOM GND|Pad R_VREF1-1(22.6mm,11.888mm) on L1 TOP"
TRACK,ROUTE_PLAN_C2TRIAL_OK.csv|R171:VREF_B_SRC,VREF_B_SRC,Top Layer,21.925,12.425,22.375,11.975,0.2,,,"VREF_B_SRC|Pad U_DRL1-3(14.75mm,14.08mm) on L4 BOTTOM GND|Pad R_VREF1-1(22.6mm,11.888mm) on L1 TOP"
TRACK,ROUTE_PLAN_C2TRIAL_OK.csv|R173:INA_OUT_1,INA_OUT_1,Top Layer,21.925,25.725,21.925,25.275,0.2,,,"INA_OUT_1|Pad CL_1-2(21.95mm,24.75mm) on L4 BOTTOM GND|Pad Rservo_1-2(22.125mm,15.55mm) on L4 BOTTOM GND"
TRACK,ROUTE_PLAN_C2TRIAL_OK.csv|R173:INA_OUT_1,INA_OUT_1,Top Layer,21.925,25.275,24.375,22.825,0.2,,,"INA_OUT_1|Pad CL_1-2(21.95mm,24.75mm) on L4 BOTTOM GND|Pad Rservo_1-2(22.125mm,15.55mm) on L4 BOTTOM GND"
TRACK,ROUTE_PLAN_C2TRIAL_OK.csv|R173:INA_OUT_1,INA_OUT_1,Top Layer,24.375,22.825,24.375,19.475,0.2,,,"INA_OUT_1|Pad CL_1-2(21.95mm,24.75mm) on L4 BOTTOM GND|Pad Rservo_1-2(22.125mm,15.55mm) on L4 BOTTOM GND"
TRACK,ROUTE_PLAN_C2TRIAL_OK.csv|R173:INA_OUT_1,INA_OUT_1,Mid Layer 2,24.375,19.475,24.375,15.975,0.2,,,"INA_OUT_1|Pad CL_1-2(21.95mm,24.75mm) on L4 BOTTOM GND|Pad Rservo_1-2(22.125mm,15.55mm) on L4 BOTTOM GND"
TRACK,ROUTE_PLAN_C2TRIAL_OK.csv|R173:INA_OUT_1,INA_OUT_1,Top Layer,24.375,15.975,22.825,15.975,0.2,,,"INA_OUT_1|Pad CL_1-2(21.95mm,24.75mm) on L4 BOTTOM GND|Pad Rservo_1-2(22.125mm,15.55mm) on L4 BOTTOM GND"
TRACK,ROUTE_PLAN_C2TRIAL_OK.csv|R173:INA_OUT_1,INA_OUT_1,Bottom Layer,22.825,15.975,22.525,15.975,0.2,,,"INA_OUT_1|Pad CL_1-2(21.95mm,24.75mm) on L4 BOTTOM GND|Pad Rservo_1-2(22.125mm,15.55mm) on L4 BOTTOM GND"
TRACK,ROUTE_PLAN_C2TRIAL_OK.csv|R173:INA_OUT_1,INA_OUT_1,Bottom Layer,22.525,15.975,22.375,15.825,0.2,,,"INA_OUT_1|Pad CL_1-2(21.95mm,24.75mm) on L4 BOTTOM GND|Pad Rservo_1-2(22.125mm,15.55mm) on L4 BOTTOM GND"
VIA,ROUTE_PLAN_C2TRIAL_OK.csv|R173:INA_OUT_1,INA_OUT_1,Multi Layer,24.375,19.475,,,,0.6,0.3,"INA_OUT_1|Pad CL_1-2(21.95mm,24.75mm) on L4 BOTTOM GND|Pad Rservo_1-2(22.125mm,15.55mm) on L4 BOTTOM GND"
VIA,ROUTE_PLAN_C2TRIAL_OK.csv|R173:INA_OUT_1,INA_OUT_1,Multi Layer,24.375,15.975,,,,0.6,0.3,"INA_OUT_1|Pad CL_1-2(21.95mm,24.75mm) on L4 BOTTOM GND|Pad Rservo_1-2(22.125mm,15.55mm) on L4 BOTTOM GND"
VIA,ROUTE_PLAN_C2TRIAL_OK.csv|R173:INA_OUT_1,INA_OUT_1,Multi Layer,22.825,15.975,,,,0.6,0.3,"INA_OUT_1|Pad CL_1-2(21.95mm,24.75mm) on L4 BOTTOM GND|Pad Rservo_1-2(22.125mm,15.55mm) on L4 BOTTOM GND"
TRACK,ROUTE_PLAN_C2TRIAL_OK.csv|R177:VREF_B_SRC,VREF_B_SRC,Top Layer,21.525,13.025,22.225,13.725,0.2,,,"VREF_B_SRC|Pad R_VREF1-1(22.6mm,11.888mm) on L1 TOP|Pad R_VREF2-1(33.4mm,11.888mm) on L1 TOP"
TRACK,ROUTE_PLAN_C2TRIAL_OK.csv|R177:VREF_B_SRC,VREF_B_SRC,Top Layer,22.225,13.725,24.725,13.725,0.2,,,"VREF_B_SRC|Pad R_VREF1-1(22.6mm,11.888mm) on L1 TOP|Pad R_VREF2-1(33.4mm,11.888mm) on L1 TOP"
TRACK,ROUTE_PLAN_C2TRIAL_OK.csv|R177:VREF_B_SRC,VREF_B_SRC,Top Layer,24.725,13.725,27.175,11.275,0.2,,,"VREF_B_SRC|Pad R_VREF1-1(22.6mm,11.888mm) on L1 TOP|Pad R_VREF2-1(33.4mm,11.888mm) on L1 TOP"
TRACK,ROUTE_PLAN_C2TRIAL_OK.csv|R177:VREF_B_SRC,VREF_B_SRC,Top Layer,27.175,11.275,27.175,11.025,0.2,,,"VREF_B_SRC|Pad R_VREF1-1(22.6mm,11.888mm) on L1 TOP|Pad R_VREF2-1(33.4mm,11.888mm) on L1 TOP"
TRACK,ROUTE_PLAN_C2TRIAL_OK.csv|R177:VREF_B_SRC,VREF_B_SRC,Top Layer,27.175,11.025,27.475,10.725,0.2,,,"VREF_B_SRC|Pad R_VREF1-1(22.6mm,11.888mm) on L1 TOP|Pad R_VREF2-1(33.4mm,11.888mm) on L1 TOP"
TRACK,ROUTE_PLAN_C2TRIAL_OK.csv|R177:VREF_B_SRC,VREF_B_SRC,Top Layer,27.475,10.725,32.125,10.725,0.2,,,"VREF_B_SRC|Pad R_VREF1-1(22.6mm,11.888mm) on L1 TOP|Pad R_VREF2-1(33.4mm,11.888mm) on L1 TOP"
TRACK,ROUTE_PLAN_C2TRIAL_OK.csv|R177:VREF_B_SRC,VREF_B_SRC,Top Layer,32.125,10.725,33.175,11.775,0.2,,,"VREF_B_SRC|Pad R_VREF1-1(22.6mm,11.888mm) on L1 TOP|Pad R_VREF2-1(33.4mm,11.888mm) on L1 TOP"
TRACK,ROUTE_PLAN_C2TRIAL_OK.csv|R178:VREF_B_SRC,VREF_B_SRC,Top Layer,44.425,11.675,48.125,11.675,0.2,,,"VREF_B_SRC|Pad R_VREF3-1(44.2mm,11.888mm) on L1 TOP|Pad R_VREF4-1(55mm,11.888mm) on L1 TOP"
TRACK,ROUTE_PLAN_C2TRIAL_OK.csv|R178:VREF_B_SRC,VREF_B_SRC,Top Layer,48.125,11.675,49.075,10.725,0.2,,,"VREF_B_SRC|Pad R_VREF3-1(44.2mm,11.888mm) on L1 TOP|Pad R_VREF4-1(55mm,11.888mm) on L1 TOP"
TRACK,ROUTE_PLAN_C2TRIAL_OK.csv|R178:VREF_B_SRC,VREF_B_SRC,Top Layer,49.075,10.725,53.725,10.725,0.2,,,"VREF_B_SRC|Pad R_VREF3-1(44.2mm,11.888mm) on L1 TOP|Pad R_VREF4-1(55mm,11.888mm) on L1 TOP"
TRACK,ROUTE_PLAN_C2TRIAL_OK.csv|R178:VREF_B_SRC,VREF_B_SRC,Top Layer,53.725,10.725,54.775,11.775,0.2,,,"VREF_B_SRC|Pad R_VREF3-1(44.2mm,11.888mm) on L1 TOP|Pad R_VREF4-1(55mm,11.888mm) on L1 TOP"
TRACK,ROUTE_PLAN_C2TRIAL_OK.csv|R179:VREF_B_SRC,VREF_B_SRC,Top Layer,55.225,11.675,58.925,11.675,0.2,,,"VREF_B_SRC|Pad R_VREF4-1(55mm,11.888mm) on L1 TOP|Pad R_VREF5-1(65.8mm,11.888mm) on L1 TOP"
TRACK,ROUTE_PLAN_C2TRIAL_OK.csv|R179:VREF_B_SRC,VREF_B_SRC,Top Layer,58.925,11.675,59.875,10.725,0.2,,,"VREF_B_SRC|Pad R_VREF4-1(55mm,11.888mm) on L1 TOP|Pad R_VREF5-1(65.8mm,11.888mm) on L1 TOP"
TRACK,ROUTE_PLAN_C2TRIAL_OK.csv|R179:VREF_B_SRC,VREF_B_SRC,Top Layer,59.875,10.725,64.525,10.725,0.2,,,"VREF_B_SRC|Pad R_VREF4-1(55mm,11.888mm) on L1 TOP|Pad R_VREF5-1(65.8mm,11.888mm) on L1 TOP"
TRACK,ROUTE_PLAN_C2TRIAL_OK.csv|R179:VREF_B_SRC,VREF_B_SRC,Top Layer,64.525,10.725,65.575,11.775,0.2,,,"VREF_B_SRC|Pad R_VREF4-1(55mm,11.888mm) on L1 TOP|Pad R_VREF5-1(65.8mm,11.888mm) on L1 TOP"
TRACK,ROUTE_PLAN_C2TRIAL_OK.csv|R181:VREF_B_SRC,VREF_B_SRC,Top Layer,33.625,11.675,37.325,11.675,0.2,,,"VREF_B_SRC|Pad R_VREF2-1(33.4mm,11.888mm) on L1 TOP|Pad R_VREF3-1(44.2mm,11.888mm) on L1 TOP"
TRACK,ROUTE_PLAN_C2TRIAL_OK.csv|R181:VREF_B_SRC,VREF_B_SRC,Top Layer,37.325,11.675,38.275,10.725,0.2,,,"VREF_B_SRC|Pad R_VREF2-1(33.4mm,11.888mm) on L1 TOP|Pad R_VREF3-1(44.2mm,11.888mm) on L1 TOP"
TRACK,ROUTE_PLAN_C2TRIAL_OK.csv|R181:VREF_B_SRC,VREF_B_SRC,Top Layer,38.275,10.725,43.025,10.725,0.2,,,"VREF_B_SRC|Pad R_VREF2-1(33.4mm,11.888mm) on L1 TOP|Pad R_VREF3-1(44.2mm,11.888mm) on L1 TOP"
TRACK,ROUTE_PLAN_C2TRIAL_OK.csv|R181:VREF_B_SRC,VREF_B_SRC,Top Layer,43.025,10.725,43.975,11.675,0.2,,,"VREF_B_SRC|Pad R_VREF2-1(33.4mm,11.888mm) on L1 TOP|Pad R_VREF3-1(44.2mm,11.888mm) on L1 TOP"
TRACK,ROUTE_PLAN_C2TRIAL_OK.csv|R228:DRL_AMP_OUT,DRL_AMP_OUT,Bottom Layer,13.775,13.475,13.725,13.425,0.2,,,"DRL_AMP_OUT|Pad C_DRL_FB-2(13.942mm,13.676mm) on L4 BOTTOM GND|Pad U_DRL1-1(16.65mm,14.08mm) on L4 BOTTOM GND"
TRACK,ROUTE_PLAN_C2TRIAL_OK.csv|R228:DRL_AMP_OUT,DRL_AMP_OUT,Bottom Layer,13.725,13.425,13.725,13.278,0.2,,,"DRL_AMP_OUT|Pad C_DRL_FB-2(13.942mm,13.676mm) on L4 BOTTOM GND|Pad U_DRL1-1(16.65mm,14.08mm) on L4 BOTTOM GND"
TRACK,ROUTE_PLAN_C2TRIAL_OK.csv|R228:DRL_AMP_OUT,DRL_AMP_OUT,Bottom Layer,13.725,13.278,13.725,13.225,0.2,,,"DRL_AMP_OUT|Pad C_DRL_FB-2(13.942mm,13.676mm) on L4 BOTTOM GND|Pad U_DRL1-1(16.65mm,14.08mm) on L4 BOTTOM GND"
TRACK,ROUTE_PLAN_C2TRIAL_OK.csv|R228:DRL_AMP_OUT,DRL_AMP_OUT,Bottom Layer,13.725,13.225,13.45,12.95,0.2,,,"DRL_AMP_OUT|Pad C_DRL_FB-2(13.942mm,13.676mm) on L4 BOTTOM GND|Pad U_DRL1-1(16.65mm,14.08mm) on L4 BOTTOM GND"
TRACK,ROUTE_PLAN_C2TRIAL_OK.csv|R228:DRL_AMP_OUT,DRL_AMP_OUT,Bottom Layer,13.45,12.95,13.225,12.725,0.2,,,"DRL_AMP_OUT|Pad C_DRL_FB-2(13.942mm,13.676mm) on L4 BOTTOM GND|Pad U_DRL1-1(16.65mm,14.08mm) on L4 BOTTOM GND"
TRACK,ROUTE_PLAN_C2TRIAL_OK.csv|R228:DRL_AMP_OUT,DRL_AMP_OUT,Bottom Layer,13.225,12.725,13.225,11.525,0.2,,,"DRL_AMP_OUT|Pad C_DRL_FB-2(13.942mm,13.676mm) on L4 BOTTOM GND|Pad U_DRL1-1(16.65mm,14.08mm) on L4 BOTTOM GND"
TRACK,ROUTE_PLAN_C2TRIAL_OK.csv|R228:DRL_AMP_OUT,DRL_AMP_OUT,Bottom Layer,13.225,11.525,13.325,11.425,0.2,,,"DRL_AMP_OUT|Pad C_DRL_FB-2(13.942mm,13.676mm) on L4 BOTTOM GND|Pad U_DRL1-1(16.65mm,14.08mm) on L4 BOTTOM GND"
TRACK,ROUTE_PLAN_C2TRIAL_OK.csv|R228:DRL_AMP_OUT,DRL_AMP_OUT,Mid Layer 2,13.325,11.425,13.325,11.825,0.2,,,"DRL_AMP_OUT|Pad C_DRL_FB-2(13.942mm,13.676mm) on L4 BOTTOM GND|Pad U_DRL1-1(16.65mm,14.08mm) on L4 BOTTOM GND"
TRACK,ROUTE_PLAN_C2TRIAL_OK.csv|R228:DRL_AMP_OUT,DRL_AMP_OUT,Mid Layer 2,13.325,11.825,13.225,11.925,0.2,,,"DRL_AMP_OUT|Pad C_DRL_FB-2(13.942mm,13.676mm) on L4 BOTTOM GND|Pad U_DRL1-1(16.65mm,14.08mm) on L4 BOTTOM GND"
TRACK,ROUTE_PLAN_C2TRIAL_OK.csv|R228:DRL_AMP_OUT,DRL_AMP_OUT,Mid Layer 2,13.225,11.925,13.225,12.725,0.2,,,"DRL_AMP_OUT|Pad C_DRL_FB-2(13.942mm,13.676mm) on L4 BOTTOM GND|Pad U_DRL1-1(16.65mm,14.08mm) on L4 BOTTOM GND"
TRACK,ROUTE_PLAN_C2TRIAL_OK.csv|R228:DRL_AMP_OUT,DRL_AMP_OUT,Mid Layer 2,13.225,12.725,13.45,12.95,0.2,,,"DRL_AMP_OUT|Pad C_DRL_FB-2(13.942mm,13.676mm) on L4 BOTTOM GND|Pad U_DRL1-1(16.65mm,14.08mm) on L4 BOTTOM GND"
TRACK,ROUTE_PLAN_C2TRIAL_OK.csv|R228:DRL_AMP_OUT,DRL_AMP_OUT,Mid Layer 2,13.45,12.95,13.778,13.278,0.2,,,"DRL_AMP_OUT|Pad C_DRL_FB-2(13.942mm,13.676mm) on L4 BOTTOM GND|Pad U_DRL1-1(16.65mm,14.08mm) on L4 BOTTOM GND"
TRACK,ROUTE_PLAN_C2TRIAL_OK.csv|R228:DRL_AMP_OUT,DRL_AMP_OUT,Mid Layer 2,13.778,13.278,13.925,13.425,0.2,,,"DRL_AMP_OUT|Pad C_DRL_FB-2(13.942mm,13.676mm) on L4 BOTTOM GND|Pad U_DRL1-1(16.65mm,14.08mm) on L4 BOTTOM GND"
TRACK,ROUTE_PLAN_C2TRIAL_OK.csv|R228:DRL_AMP_OUT,DRL_AMP_OUT,Mid Layer 2,13.925,13.425,15.1058,13.425,0.2,,,"DRL_AMP_OUT|Pad C_DRL_FB-2(13.942mm,13.676mm) on L4 BOTTOM GND|Pad U_DRL1-1(16.65mm,14.08mm) on L4 BOTTOM GND"
TRACK,ROUTE_PLAN_C2TRIAL_OK.csv|R228:DRL_AMP_OUT,DRL_AMP_OUT,Mid Layer 2,15.1058,13.425,15.475,13.425,0.2,,,"DRL_AMP_OUT|Pad C_DRL_FB-2(13.942mm,13.676mm) on L4 BOTTOM GND|Pad U_DRL1-1(16.65mm,14.08mm) on L4 BOTTOM GND"
TRACK,ROUTE_PLAN_C2TRIAL_OK.csv|R228:DRL_AMP_OUT,DRL_AMP_OUT,Mid Layer 2,15.475,13.425,15.975,12.925,0.2,,,"DRL_AMP_OUT|Pad C_DRL_FB-2(13.942mm,13.676mm) on L4 BOTTOM GND|Pad U_DRL1-1(16.65mm,14.08mm) on L4 BOTTOM GND"
TRACK,ROUTE_PLAN_C2TRIAL_OK.csv|R228:DRL_AMP_OUT,DRL_AMP_OUT,Bottom Layer,15.975,12.925,15.975,13.075,0.2,,,"DRL_AMP_OUT|Pad C_DRL_FB-2(13.942mm,13.676mm) on L4 BOTTOM GND|Pad U_DRL1-1(16.65mm,14.08mm) on L4 BOTTOM GND"
TRACK,ROUTE_PLAN_C2TRIAL_OK.csv|R228:DRL_AMP_OUT,DRL_AMP_OUT,Bottom Layer,15.975,13.075,16.475,13.575,0.2,,,"DRL_AMP_OUT|Pad C_DRL_FB-2(13.942mm,13.676mm) on L4 BOTTOM GND|Pad U_DRL1-1(16.65mm,14.08mm) on L4 BOTTOM GND"
VIA,ROUTE_PLAN_C2TRIAL_OK.csv|R228:DRL_AMP_OUT,DRL_AMP_OUT,Multi Layer,13.325,11.425,,,,0.6,0.3,"DRL_AMP_OUT|Pad C_DRL_FB-2(13.942mm,13.676mm) on L4 BOTTOM GND|Pad U_DRL1-1(16.65mm,14.08mm) on L4 BOTTOM GND"
VIA,ROUTE_PLAN_C2TRIAL_OK.csv|R228:DRL_AMP_OUT,DRL_AMP_OUT,Multi Layer,15.975,12.925,,,,0.6,0.3,"DRL_AMP_OUT|Pad C_DRL_FB-2(13.942mm,13.676mm) on L4 BOTTOM GND|Pad U_DRL1-1(16.65mm,14.08mm) on L4 BOTTOM GND"
