t_s,ch1_code
305.248000,2039
305.248500,2188
305.249000,2062
305.249500,1982
305.250000,2150
305.250500,2039
305.251000,2185
305.251500,2059
305.252000,1980
305.252500,2148
305.253000,2038
305.253500,2190
305.254000,2064
305.254500,1987
305.255000,2150
305.255500,2040
305.256000,2187
305.256500,2061
305.257000,1983
305.257500,2152
305.258000,2040
305.258500,2192
305.259000,2068
305.259500,1991
305.260000,2153
305.260500,2042
305.261000,2189
305.261500,2064
305.262000,1988
305.262500,2152
305.263000,2040
305.263500,2194
305.264000,2071
305.264500,1994
305.265000,2156
305.265500,2044
305.266000,2192
305.266500,2067
305.267000,1990
305.267500,2152
305.268000,2038
305.268500,2192
305.269000,2069
305.269500,1990
305.270000,2151
305.270500,2039
305.271000,2187
305.271500,2059
305.272000,1980
305.272500,2148
305.273000,2036
305.273500,2190
305.274000,2065
305.274500,1988
305.275000,2151
305.275500,2040
305.276000,2187
305.276500,2061
305.277000,1982
305.277500,2152
305.278000,2042
305.278500,2196
305.279000,2074
305.279500,1994
305.280000,2156
305.280500,2044
305.281000,2191
305.281500,2065
305.282000,1990
305.282500,2152
305.283000,2044
305.283500,2195
305.284000,2073
305.284500,1996
305.285000,2156
305.285500,2045
305.286000,2192
305.286500,2067
305.287000,1990
305.287500,2152
305.288000,2038
305.288500,2190
305.289000,2064
305.289500,1986
305.290000,2149
305.290500,2038
305.291000,2185
305.291500,2058
305.292000,1980
305.292500,2149
305.293000,2037
305.293500,2190
305.294000,2064
305.294500,1987
305.295000,2151
305.295500,2040
305.296000,2188
305.296500,2061
305.297000,1983
305.297500,2152
305.298000,2042
305.298500,2194
305.299000,2071
305.299500,1993
305.300000,2154
305.300500,2042
305.301000,2190
305.301500,2064
305.302000,1988
305.302500,2152
305.303000,2045
305.303500,2196
305.304000,2073
305.304500,1996
305.305000,2156
305.305500,2045
305.306000,2192
305.306500,2067
305.307000,1990
305.307500,2152
305.308000,2040
305.308500,2192
305.309000,2067
305.309500,1989
305.310000,2151
305.310500,2040
305.311000,2185
305.311500,2058
305.312000,1979
305.312500,2149
305.313000,2036
305.313500,2189
305.314000,2064
305.314500,1986
305.315000,2150
305.315500,2040
305.316000,2188
305.316500,2062
305.317000,1983
305.317500,2152
305.318000,2041
305.318500,2190
305.319000,2065
305.319500,1989
305.320000,2152
305.320500,2041
305.321000,2190
305.321500,2064
305.322000,1988
305.322500,2152
305.323000,2040
305.323500,2194
305.324000,2072
305.324500,1995
305.325000,2156
305.325500,2045
305.326000,2192
305.326500,2068
305.327000,1991
305.327500,2153
305.328000,2039
305.328500,2190
305.329000,2064
305.329500,1985
305.330000,2148
305.330500,2037
305.331000,2186
305.331500,2059
305.332000,1980
305.332500,2149
305.333000,2039
305.333500,2190
305.334000,2064
305.334500,1986
305.335000,2151
305.335500,2040
305.336000,2187
305.336500,2061
305.337000,1983
305.337500,2152
305.338000,2039
305.338500,2194
305.339000,2073
305.339500,1994
305.340000,2154
305.340500,2043
305.341000,2190
305.341500,2064
305.342000,1988
305.342500,2152
305.343000,2044
305.343500,2196
305.344000,2072
305.344500,1995
305.345000,2156
305.345500,2045
305.346000,2193
305.346500,2068
305.347000,1990
305.347500,2153
305.348000,2042
305.348500,2195
305.349000,2072
305.349500,1992
305.350000,2152
305.350500,2040
305.351000,2187
305.351500,2059
305.352000,1980
305.352500,2148
305.353000,2041
305.353500,2193
305.354000,2071
305.354500,1992
305.355000,2152
305.355500,2042
305.356000,2189
305.356500,2062
305.357000,1984
305.357500,2148
305.358000,2036
305.358500,2190
305.359000,2065
305.359500,1989
305.360000,2151
305.360500,2041
305.361000,2189
305.361500,2063
305.362000,1986
305.362500,2150
305.363000,2042
305.363500,2192
305.364000,2069
305.364500,1994
305.365000,2154
305.365500,2043
305.366000,2191
305.366500,2064
305.367000,1987
305.367500,2151
305.368000,2039
305.368500,2190
305.369000,2064
305.369500,1986
305.370000,2148
305.370500,2038
305.371000,2185
305.371500,2058
305.372000,1979
305.372500,2149
305.373000,2041
305.373500,2192
305.374000,2068
305.374500,1991
305.375000,2153
305.375500,2041
305.376000,2189
305.376500,2062
305.377000,1983
305.377500,2153
305.378000,2039
305.378500,2191
305.379000,2066
305.379500,1990
305.380000,2152
305.380500,2042
305.381000,2190
305.381500,2063
305.382000,1986
305.382500,2152
305.383000,2042
305.383500,2194
305.384000,2072
305.384500,1994
305.385000,2155
305.385500,2044
305.386000,2191
305.386500,2065
305.387000,1989
305.387500,2152
305.388000,2040
305.388500,2190
305.389000,2064
305.389500,1987
305.390000,2149
305.390500,2039
305.391000,2186
305.391500,2057
305.392000,1980
305.392500,2149
305.393000,2040
305.393500,2191
305.394000,2065
305.394500,1988
305.395000,2151
305.395500,2040
305.396000,2187
305.396500,2061
305.397000,1983
305.397500,2152
305.398000,2042
305.398500,2194
305.399000,2070
305.399500,1993
305.400000,2153
305.400500,2042
305.401000,2190
305.401500,2064
305.402000,1988
305.402500,2153
305.403000,2043
305.403500,2193
305.404000,2071
305.404500,1995
305.405000,2156
305.405500,2045
305.406000,2192
305.406500,2066
305.407000,1990
305.407500,2152
305.408000,2042
305.408500,2195
305.409000,2073
305.409500,1992
305.410000,2152
305.410500,2040
305.411000,2186
305.411500,2058
305.412000,1980
305.412500,2149
305.413000,2042
305.413500,2192
305.414000,2069
305.414500,1992
305.415000,2152
305.415500,2041
305.416000,2189
305.416500,2063
305.417000,1984
305.417500,2148
305.418000,2036
305.418500,2191
305.419000,2066
305.419500,1991
305.420000,2152
305.420500,2042
305.421000,2190
305.421500,2064
305.422000,1987
305.422500,2152
305.423000,2042
305.423500,2194
305.424000,2072
305.424500,1995
305.425000,2156
305.425500,2045
305.426000,2192
305.426500,2066
305.427000,1990
305.427500,2152
305.428000,2038
305.428500,2190
305.429000,2064
305.429500,1986
305.430000,2149
305.430500,2038
305.431000,2185
305.431500,2057
305.432000,1979
305.432500,2149
305.433000,2040
305.433500,2189
305.434000,2064
305.434500,1986
305.435000,2150
305.435500,2040
305.436000,2188
305.436500,2062
305.437000,1983
305.437500,2152
305.438000,2040
305.438500,2193
305.439000,2070
305.439500,1992
305.440000,2153
305.440500,2042
305.441000,2189
305.441500,2063
305.442000,1986
305.442500,2151
305.443000,2041
305.443500,2193
305.444000,2071
305.444500,1994
305.445000,2154
305.445500,2044
305.446000,2191
305.446500,2065
305.447000,1988
305.447500,2152
305.448000,2040
305.448500,2190
305.449000,2063
305.449500,1984
305.450000,2146
305.450500,2036
305.451000,2184
305.451500,2057
305.452000,1978
305.452500,2148
305.453000,2039
305.453500,2191
305.454000,2065
305.454500,1989
305.455000,2152
305.455500,2040
305.456000,2189
305.456500,2062
305.457000,1983
305.457500,2153
305.458000,2041
305.458500,2192
305.459000,2068
305.459500,1991
305.460000,2153
305.460500,2042
305.461000,2189
305.461500,2063
305.462000,1985
305.462500,2151
305.463000,2041
305.463500,2192
305.464000,2069
305.464500,1994
305.465000,2154
305.465500,2044
305.466000,2191
305.466500,2064
305.467000,1988
305.467500,2150
305.468000,2038
305.468500,2189
305.469000,2063
305.469500,1984
305.470000,2146
305.470500,2036
305.471000,2184
305.471500,2057
305.472000,1979
305.472500,2149
305.473000,2036
305.473500,2189
305.474000,2064
305.474500,1986
305.475000,2150
305.475500,2040
305.476000,2188
305.476500,2061
305.477000,1983
305.477500,2152
305.478000,2040
305.478500,2193
305.479000,2070
305.479500,1992
305.480000,2153
305.480500,2042
305.481000,2190
305.481500,2064
305.482000,1988
305.482500,2152
305.483000,2044
305.483500,2196
305.484000,2074
305.484500,1996
305.485000,2157
305.485500,2045
305.486000,2192
305.486500,2067
305.487000,1991
305.487500,2153
305.488000,2043
305.488500,2193
305.489000,2069
305.489500,1990
305.490000,2150
305.490500,2039
305.491000,2186
305.491500,2058
305.492000,1980
305.492500,2149
305.493000,2041
305.493500,2191
305.494000,2065
305.494500,1988
305.495000,2151
305.495500,2040
305.496000,2188
305.496500,2062
305.497000,1984
305.497500,2148
305.498000,2040
305.498500,2192
305.499000,2069
305.499500,1992
305.500000,2153
305.500500,2042
305.501000,2189
305.501500,2063
305.502000,1986
305.502500,2151
305.503000,2043
305.503500,2194
305.504000,2072
305.504500,1995
305.505000,2156
305.505500,2044
305.506000,2192
305.506500,2067
305.507000,1990
305.507500,2152
305.508000,2038
305.508500,2189
305.509000,2063
305.509500,1984
305.510000,2146
305.510500,2036
305.511000,2184
305.511500,2057
305.512000,1978
305.512500,2148
305.513000,2036
305.513500,2190
305.514000,2064
305.514500,1987
305.515000,2151
305.515500,2040
305.516000,2188
305.516500,2061
305.517000,1983
305.517500,2152
305.518000,2042
305.518500,2194
305.519000,2071
305.519500,1993
305.520000,2154
305.520500,2042
305.521000,2190
305.521500,2064
305.522000,1988
305.522500,2153
305.523000,2044
305.523500,2193
305.524000,2071
305.524500,1995
305.525000,2156
305.525500,2045
305.526000,2192
305.526500,2067
305.527000,1990
305.527500,2152
305.528000,2041
305.528500,2193
305.529000,2068
305.529500,1990
305.530000,2151
305.530500,2039
305.531000,2186
305.531500,2058
305.532000,1980
305.532500,2149
305.533000,2040
305.533500,2188
305.534000,2063
305.534500,1984
305.535000,2148
305.535500,2039
305.536000,2188
305.536500,2061
305.537000,1982
305.537500,2151
305.538000,2038
305.538500,2192
305.539000,2068
305.539500,1991
305.540000,2153
305.540500,2043
305.541000,2190
305.541500,2064
305.542000,1988
305.542500,2152
305.543000,2042
305.543500,2195
305.544000,2072
305.544500,1995
305.545000,2156
305.545500,2045
305.546000,2192
305.546500,2067
305.547000,1991
305.547500,2152
305.548000,2042
305.548500,2192
305.549000,2066
305.549500,1989
305.550000,2150
305.550500,2039
305.551000,2186
305.551500,2058
305.552000,1979
305.552500,2149
305.553000,2039
305.553500,2192
305.554000,2068
305.554500,1990
305.555000,2153
305.555500,2040
305.556000,2188
305.556500,2061
305.557000,1983
305.557500,2152
305.558000,2042
305.558500,2193
305.559000,2070
305.559500,1992
305.560000,2153
305.560500,2042
305.561000,2189
305.561500,2063
305.562000,1986
305.562500,2151
305.563000,2045
305.563500,2195
305.564000,2073
305.564500,1995
305.565000,2155
305.565500,2045
305.566000,2192
305.566500,2067
305.567000,1991
305.567500,2152
305.568000,2040
305.568500,2191
305.569000,2065
305.569500,1988
305.570000,2150
305.570500,2038
305.571000,2186
305.571500,2058
305.572000,1979
305.572500,2149
305.573000,2036
305.573500,2190
305.574000,2064
305.574500,1987
305.575000,2151
305.575500,2040
305.576000,2188
305.576500,2062
305.577000,1983
305.577500,2152
305.578000,2042
305.578500,2193
305.579000,2069
305.579500,1992
305.580000,2153
305.580500,2042
305.581000,2189
305.581500,2063
305.582000,1986
305.582500,2151
305.583000,2045
305.583500,2195
305.584000,2073
305.584500,1996
305.585000,2156
305.585500,2044
305.586000,2192
305.586500,2067
305.587000,1991
305.587500,2153
305.588000,2040
305.588500,2192
305.589000,2067
305.589500,1989
305.590000,2151
305.590500,2039
305.591000,2186
305.591500,2058
305.592000,1980
305.592500,2149
305.593000,2038
305.593500,2190
305.594000,2065
305.594500,1989
305.595000,2151
305.595500,2040
305.596000,2188
305.596500,2062
305.597000,1983
305.597500,2152
305.598000,2039
305.598500,2190
305.599000,2065
305.599500,1989
305.600000,2152
305.600500,2042
305.601000,2189
305.601500,2063
305.602000,1986
305.602500,2151
305.603000,2039
305.603500,2194
305.604000,2072
305.604500,1995
305.605000,2156
305.605500,2045
305.606000,2192
305.606500,2067
305.607000,1990
305.607500,2152
305.608000,2040
305.608500,2190
305.609000,2063
305.609500,1984
305.610000,2146
305.610500,2037
305.611000,2184
305.611500,2057
305.612000,1979
305.612500,2149
305.613000,2042
305.613500,2192
305.614000,2070
305.614500,1990
305.615000,2152
305.615500,2041
305.616000,2189
305.616500,2062
305.617000,1984
305.617500,2147
305.618000,2036
305.618500,2189
305.619000,2064
305.619500,1988
305.620000,2151
305.620500,2041
305.621000,2189
305.621500,2063
305.622000,1985
305.622500,2150
305.623000,2039
305.623500,2193
305.624000,2069
305.624500,1993
305.625000,2155
305.625500,2044
305.626000,2191
305.626500,2065
305.627000,1988
305.627500,2151
305.628000,2041
305.628500,2192
305.629000,2067
305.629500,1989
305.630000,2150
305.630500,2038
305.631000,2186
305.631500,2058
305.632000,1979
305.632500,2149
305.633000,2036
305.633500,2189
305.634000,2064
305.634500,1987
305.635000,2151
305.635500,2040
305.636000,2187
305.636500,2062
305.637000,1983
305.637500,2152
305.638000,2039
305.638500,2190
305.639000,2064
305.639500,1988
305.640000,2152
305.640500,2042
305.641000,2189
305.641500,2063
305.642000,1986
305.642500,2151
305.643000,2040
305.643500,2192
305.644000,2069
305.644500,1994
305.645000,2154
305.645500,2044
305.646000,2190
305.646500,2064
305.647000,1987
305.647500,2151
305.648000,2040
305.648500,2190
305.649000,2063
305.649500,1984
305.650000,2147
305.650500,2037
305.651000,2184
305.651500,2057
305.652000,1979
305.652500,2148
305.653000,2042
305.653500,2190
305.654000,2065
305.654500,1988
305.655000,2151
305.655500,2039
305.656000,2188
305.656500,2062
305.657000,1983
305.657500,2152
305.658000,2038
305.658500,2190
305.659000,2065
305.659500,1989
305.660000,2153
305.660500,2042
305.661000,2190
305.661500,2064
305.662000,1988
305.662500,2152
305.663000,2042
305.663500,2193
305.664000,2071
305.664500,1995
305.665000,2156
305.665500,2044
305.666000,2192
305.666500,2066
305.667000,1990
305.667500,2152
305.668000,2040
305.668500,2192
305.669000,2067
305.669500,1989
305.670000,2151
305.670500,2039
305.671000,2186
305.671500,2058
305.672000,1980
305.672500,2148
305.673000,2038
305.673500,2190
305.674000,2065
305.674500,1988
305.675000,2150
305.675500,2040
305.676000,2187
305.676500,2061
305.677000,1983
305.677500,2152
305.678000,2040
305.678500,2195
305.679000,2074
305.679500,1994
305.680000,2155
305.680500,2043
305.681000,2191
305.681500,2064
305.682000,1988
305.682500,2152
305.683000,2040
305.683500,2193
305.684000,2071
305.684500,1994
305.685000,2155
305.685500,2044
305.686000,2191
305.686500,2064
305.687000,1988
305.687500,2151
305.688000,2039
305.688500,2192
305.689000,2067
305.689500,1989
305.690000,2150
305.690500,2039
305.691000,2186
305.691500,2058
305.692000,1980
305.692500,2149
305.693000,2036
305.693500,2189
305.694000,2064
305.694500,1986
305.695000,2150
305.695500,2040
305.696000,2187
305.696500,2061
305.697000,1983
305.697500,2152
305.698000,2040
305.698500,2195
305.699000,2073
305.699500,1993
305.700000,2155
305.700500,2043
305.701000,2191
305.701500,2065
305.702000,1990
305.702500,2152
305.703000,2044
305.703500,2196
305.704000,2073
305.704500,1996
305.705000,2156
305.705500,2045
305.706000,2192
305.706500,2067
305.707000,1991
305.707500,2153
305.708000,2043
305.708500,2193
305.709000,2068
305.709500,1990
305.710000,2151
305.710500,2039
305.711000,2186
305.711500,2058
305.712000,1980
305.712500,2149
305.713000,2040
305.713500,2188
305.714000,2063
305.714500,1984
305.715000,2148
305.715500,2038
305.716000,2187
305.716500,2061
305.717000,1983
305.717500,2152
305.718000,2039
305.718500,2190
305.719000,2065
305.719500,1989
305.720000,2152
305.720500,2041
305.721000,2190
305.721500,2063
305.722000,1986
305.722500,2151
305.723000,2044
305.723500,2195
305.724000,2072
305.724500,1995
305.725000,2156
305.725500,2045
305.726000,2192
305.726500,2067
305.727000,1991
305.727500,2153
305.728000,2043
305.728500,2195
305.729000,2072
305.729500,1992
305.730000,2153
305.730500,2040
305.731000,2186
305.731500,2059
305.732000,1980
305.732500,2149
305.733000,2036
305.733500,2189
305.734000,2064
305.734500,1987
305.735000,2150
305.735500,2040
305.736000,2188
305.736500,2061
305.737000,1982
305.737500,2151
305.738000,2042
305.738500,2193
305.739000,2072
305.739500,1994
305.740000,2154
305.740500,2043
305.741000,2190
305.741500,2064
305.742000,1988
305.742500,2152
305.743000,2042
305.743500,2193
305.744000,2071
305.744500,1994
305.745000,2155
305.745500,2044
305.746000,2191
305.746500,2064
305.747000,1987
305.747500,2150
305.748000,2037
305.748500,2190
305.749000,2064
305.749500,1986
305.750000,2149
305.750500,2038
305.751000,2185
305.751500,2058
305.752000,1979
305.752500,2149
305.753000,2041
305.753500,2191
305.754000,2066
305.754500,1989
305.755000,2151
305.755500,2040
305.756000,2187
305.756500,2061
305.757000,1983
305.757500,2152
305.758000,2040
305.758500,2194
305.759000,2073
305.759500,1994
305.760000,2155
305.760500,2043
305.761000,2191
305.761500,2064
305.762000,1988
305.762500,2152
305.763000,2044
305.763500,2196
305.764000,2073
305.764500,1995
305.765000,2157
305.765500,2045
305.766000,2193
305.766500,2068
305.767000,1991
305.767500,2152
305.768000,2044
305.768500,2192
305.769000,2067
305.769500,1990
305.770000,2150
305.770500,2038
305.771000,2185
305.771500,2058
305.772000,1980
305.772500,2149
305.773000,2038
305.773500,2191
305.774000,2065
305.774500,1989
305.775000,2152
305.775500,2041
305.776000,2189
305.776500,2062
305.777000,1983
305.777500,2152
305.778000,2039
305.778500,2191
305.779000,2065
305.779500,1990
305.780000,2152
305.780500,2041
305.781000,2190
305.781500,2064
305.782000,1986
305.782500,2152
305.783000,2041
305.783500,2194
305.784000,2071
305.784500,1995
305.785000,2156
305.785500,2045
305.786000,2192
305.786500,2066
305.787000,1990
305.787500,2152
305.788000,2039
305.788500,2191
305.789000,2065
305.789500,1988
305.790000,2150
305.790500,2038
305.791000,2186
305.791500,2058
305.792000,1980
305.792500,2149
305.793000,2036
305.793500,2190
305.794000,2064
305.794500,1987
305.795000,2151
305.795500,2040
305.796000,2188
305.796500,2061
305.797000,1983
305.797500,2152
305.798000,2039
305.798500,2192
305.799000,2068
305.799500,1991
305.800000,2153
305.800500,2042
305.801000,2189
305.801500,2063
305.802000,1986
305.802500,2151
305.803000,2041
305.803500,2194
305.804000,2073
305.804500,1996
305.805000,2157
305.805500,2046
305.806000,2192
305.806500,2067
305.807000,1990
305.807500,2152
305.808000,2038
305.808500,2191
305.809000,2066
305.809500,1989
305.810000,2150
305.810500,2038
305.811000,2185
305.811500,2058
305.812000,1979
305.812500,2149
305.813000,2038
305.813500,2189
305.814000,2064
305.814500,1987
305.815000,2151
305.815500,2040
305.816000,2188
305.816500,2062
305.817000,1983
305.817500,2152
305.818000,2041
305.818500,2192
305.819000,2068
305.819500,1991
305.820000,2153
305.820500,2042
305.821000,2189
305.821500,2063
305.822000,1986
305.822500,2151
305.823000,2044
305.823500,2195
305.824000,2073
305.824500,1995
305.825000,2156
305.825500,2044
305.826000,2192
305.826500,2067
305.827000,1990
305.827500,2152
305.828000,2043
305.828500,2191
305.829000,2065
305.829500,1988
305.830000,2150
305.830500,2038
305.831000,2185
305.831500,2058
305.832000,1979
305.832500,2149
305.833000,2037
305.833500,2190
305.834000,2065
305.834500,1988
305.835000,2151
305.835500,2041
305.836000,2188
305.836500,2062
305.837000,1983
305.837500,2152
305.838000,2038
305.838500,2191
305.839000,2066
305.839500,1990
305.840000,2152
305.840500,2041
305.841000,2190
305.841500,2064
305.842000,1988
305.842500,2152
305.843000,2045
305.843500,2196
305.844000,2073
305.844500,1996
305.845000,2156
305.845500,2045
305.846000,2192
305.846500,2068
305.847000,1991
305.847500,2153
305.848000,2044
305.848500,2192
305.849000,2067
305.849500,1990
305.850000,2150
305.850500,2038
305.851000,2185
305.851500,2058
305.852000,1980
305.852500,2148
305.853000,2037
305.853500,2191
305.854000,2065
305.854500,1988
305.855000,2151
305.855500,2041
305.856000,2188
305.856500,2062
305.857000,1983
305.857500,2153
305.858000,2041
305.858500,2195
305.859000,2074
305.859500,1995
305.860000,2156
305.860500,2044
305.861000,2191
305.861500,2065
305.862000,1989
305.862500,2153
305.863000,2043
305.863500,2194
305.864000,2072
305.864500,1996
305.865000,2156
305.865500,2045
305.866000,2192
305.866500,2067
305.867000,1990
305.867500,2152
305.868000,2040
305.868500,2192
305.869000,2066
305.869500,1989
305.870000,2150
305.870500,2039
305.871000,2185
305.871500,2058
305.872000,1980
305.872500,2149
305.873000,2040
305.873500,2191
305.874000,2066
305.874500,1990
305.875000,2152
305.875500,2041
305.876000,2189
305.876500,2062
305.877000,1984
305.877500,2148
305.878000,2040
305.878500,2190
305.879000,2065
305.879500,1989
305.880000,2152
305.880500,2042
305.881000,2190
305.881500,2063
305.882000,1986
305.882500,2151
305.883000,2041
305.883500,2193
305.884000,2071
305.884500,1995
305.885000,2156
305.885500,2044
305.886000,2192
305.886500,2067
305.887000,1990
305.887500,2152
305.888000,2043
305.888500,2192
305.889000,2066
305.889500,1988
305.890000,2150
305.890500,2039
305.891000,2185
305.891500,2058
305.892000,1979
305.892500,2149
305.893000,2038
305.893500,2190
305.894000,2064
305.894500,1987
305.895000,2150
305.895500,2040
305.896000,2188
305.896500,2062
305.897000,1983
305.897500,2152
305.898000,2041
305.898500,2192
305.899000,2068
305.899500,1992
305.900000,2153
305.900500,2042
305.901000,2189
305.901500,2063
305.902000,1986
305.902500,2151
305.903000,2044
305.903500,2195
305.904000,2072
305.904500,1995
305.905000,2156
305.905500,2045
305.906000,2192
305.906500,2068
305.907000,1990
305.907500,2152
305.908000,2039
305.908500,2190
305.909000,2064
305.909500,1986
305.910000,2148
305.910500,2038
305.911000,2185
305.911500,2058
305.912000,1980
305.912500,2149
305.913000,2039
305.913500,2191
305.914000,2066
305.914500,1990
305.915000,2151
305.915500,2041
305.916000,2188
305.916500,2062
305.917000,1983
305.917500,2153
305.918000,2039
305.918500,2193
305.919000,2072
305.919500,1993
305.920000,2154
305.920500,2043
305.921000,2190
305.921500,2064
305.922000,1988
305.922500,2152
305.923000,2040
305.923500,2194
305.924000,2072
305.924500,1995
305.925000,2155
305.925500,2044
305.926000,2192
305.926500,2066
305.927000,1989
305.927500,2152
305.928000,2037
305.928500,2190
305.929000,2063
305.929500,1983
305.930000,2152
305.930500,2040
305.931000,2186
305.931500,2058
305.932000,1979
305.932500,2148
305.933000,2038
305.933500,2191
305.934000,2068
305.934500,1990
305.935000,2152
305.935500,2041
305.936000,2189
305.936500,2062
305.937000,1984
305.937500,2147
305.938000,2039
305.938500,2192
305.939000,2068
305.939500,1991
305.940000,2153
305.940500,2041
305.941000,2190
305.941500,2064
305.942000,1988
305.942500,2152
305.943000,2042
305.943500,2195
305.944000,2073
305.944500,1996
305.945000,2156
305.945500,2044
305.946000,2192
305.946500,2066
305.947000,1991
305.947500,2152
305.948000,2040
305.948500,2192
305.949000,2067
305.949500,1989
305.950000,2151
305.950500,2039
305.951000,2186
305.951500,2058
305.952000,1979
305.952500,2149
305.953000,2038
305.953500,2189
305.954000,2063
305.954500,1985
305.955000,2149
305.955500,2040
305.956000,2187
305.956500,2061
305.957000,1982
305.957500,2151
305.958000,2038
305.958500,2191
305.959000,2066
305.959500,1990
305.960000,2152
305.960500,2041
305.961000,2190
305.961500,2063
305.962000,1986
305.962500,2152
305.963000,2041
305.963500,2195
305.964000,2073
305.964500,1996
305.965000,2156
305.965500,2045
305.966000,2192
305.966500,2067
305.967000,1990
305.967500,2152
305.968000,2040
305.968500,2190
305.969000,2064
305.969500,1986
305.970000,2149
305.970500,2037
305.971000,2186
305.971500,2059
305.972000,1980
305.972500,2149
305.973000,2039
305.973500,2190
305.974000,2065
305.974500,1988
305.975000,2151
305.975500,2040
305.976000,2187
305.976500,2061
305.977000,1983
305.977500,2152
305.978000,2039
305.978500,2191
305.979000,2066
305.979500,1989
305.980000,2152
305.980500,2042
305.981000,2190
305.981500,2063
305.982000,1985
305.982500,2150
305.983000,2042
305.983500,2191
305.984000,2067
305.984500,1992
305.985000,2153
305.985500,2043
305.986000,2191
305.986500,2065
305.987000,1988
305.987500,2151
305.988000,2041
305.988500,2191
305.989000,2065
305.989500,1988
305.990000,2149
305.990500,2038
305.991000,2185
305.991500,2058
305.992000,1980
305.992500,2149
305.993000,2040
305.993500,2191
305.994000,2065
305.994500,1989
305.995000,2153
305.995500,2041
305.996000,2189
305.996500,2062
305.997000,1983
305.997500,2152
305.998000,2042
305.998500,2190
305.999000,2065
305.999500,1989
306.000000,2151
306.000500,2041
306.001000,2188
306.001500,2063
306.002000,1985
306.002500,2151
306.003000,2041
306.003500,2194
306.004000,2073
306.004500,1996
306.005000,2156
306.005500,2045
306.006000,2192
306.006500,2067
306.007000,1990
306.007500,2152
306.008000,2042
306.008500,2192
306.009000,2067
306.009500,1990
306.010000,2150
306.010500,2039
306.011000,2185
306.011500,2058
306.012000,1980
306.012500,2149
306.013000,2039
306.013500,2192
306.014000,2068
306.014500,1990
306.015000,2153
306.015500,2041
306.016000,2189
306.016500,2063
306.017000,1984
306.017500,2148
306.018000,2039
306.018500,2192
306.019000,2068
306.019500,1991
306.020000,2153
306.020500,2042
306.021000,2190
306.021500,2064
306.022000,1988
306.022500,2153
306.023000,2044
306.023500,2197
306.024000,2073
306.024500,1996
306.025000,2156
306.025500,2044
306.026000,2192
306.026500,2067
306.027000,1990
306.027500,2151
306.028000,2040
306.028500,2190
306.029000,2063
306.029500,1984
306.030000,2146
306.030500,2037
306.031000,2184
306.031500,2057
306.032000,1979
306.032500,2149
306.033000,2041
306.033500,2192
306.034000,2067
306.034500,1990
306.035000,2152
306.035500,2040
306.036000,2189
306.036500,2062
306.037000,1983
306.037500,2152
306.038000,2041
306.038500,2194
306.039000,2070
306.039500,1993
306.040000,2153
306.040500,2042
306.041000,2189
306.041500,2063
306.042000,1986
306.042500,2150
306.043000,2044
306.043500,2193
306.044000,2070
306.044500,1994
306.045000,2155
306.045500,2044
306.046000,2191
306.046500,2064
306.047000,1987
306.047500,2151
306.048000,2042
306.048500,2191
306.049000,2064
306.049500,1986
306.050000,2149
306.050500,2039
306.051000,2185
306.051500,2058
306.052000,1979
306.052500,2149
306.053000,2037
306.053500,2190
306.054000,2065
306.054500,1988
306.055000,2151
306.055500,2040
306.056000,2187
306.056500,2062
306.057000,1983
306.057500,2153
306.058000,2040
306.058500,2193
306.059000,2070
306.059500,1992
306.060000,2153
306.060500,2042
306.061000,2190
306.061500,2063
306.062000,1986
306.062500,2151
306.063000,2042
306.063500,2194
306.064000,2073
306.064500,1996
306.065000,2156
306.065500,2044
306.066000,2192
306.066500,2066
306.067000,1990
306.067500,2152
306.068000,2039
306.068500,2191
306.069000,2065
306.069500,1987
306.070000,2150
306.070500,2038
306.071000,2185
306.071500,2058
306.072000,1980
306.072500,2149
306.073000,2038
306.073500,2187
306.074000,2062
306.074500,1984
306.075000,2147
306.075500,2039
306.076000,2188
306.076500,2061
306.077000,1983
306.077500,2152
306.078000,2041
306.078500,2191
306.079000,2066
306.079500,1990
306.080000,2152
306.080500,2042
306.081000,2189
306.081500,2063
306.082000,1986
306.082500,2151
306.083000,2040
306.083500,2192
306.084000,2069
306.084500,1993
306.085000,2154
306.085500,2044
306.086000,2191
306.086500,2065
306.087000,1988
306.087500,2151
306.088000,2042
306.088500,2191
306.089000,2065
306.089500,1988
306.090000,2149
306.090500,2038
306.091000,2184
306.091500,2057
306.092000,1979
306.092500,2149
306.093000,2043
306.093500,2193
306.094000,2071
306.094500,1992
306.095000,2152
306.095500,2042
306.096000,2189
306.096500,2062
306.097000,1983
306.097500,2152
306.098000,2041
306.098500,2192
306.099000,2069
306.099500,1992
306.100000,2154
306.100500,2042
306.101000,2191
306.101500,2065
306.102000,1989
306.102500,2153
306.103000,2043
306.103500,2195
306.104000,2072
306.104500,1995
306.105000,2157
306.105500,2045
306.106000,2192
306.106500,2067
306.107000,1991
306.107500,2153
306.108000,2041
306.108500,2191
306.109000,2064
306.109500,1987
306.110000,2150
306.110500,2038
306.111000,2185
306.111500,2058
306.112000,1979
306.112500,2149
306.113000,2036
306.113500,2189
306.114000,2064
306.114500,1987
306.115000,2150
306.115500,2039
306.116000,2188
306.116500,2062
306.117000,1983
306.117500,2152
306.118000,2042
306.118500,2193
306.119000,2070
306.119500,1992
306.120000,2153
306.120500,2042
306.121000,2189
306.121500,2063
306.122000,1986
306.122500,2151
306.123000,2041
306.123500,2194
306.124000,2074
306.124500,1996
306.125000,2156
306.125500,2044
306.126000,2191
306.126500,2065
306.127000,1989
306.127500,2151
306.128000,2039
306.128500,2189
306.129000,2063
306.129500,1984
306.130000,2146
306.130500,2037
306.131000,2184
306.131500,2057
306.132000,1979
306.132500,2149
306.133000,2037
306.133500,2190
306.134000,2065
306.134500,1988
306.135000,2151
306.135500,2040
306.136000,2187
306.136500,2062
306.137000,1983
306.137500,2153
306.138000,2045
306.138500,2193
306.139000,2069
306.139500,1992
306.140000,2153
306.140500,2042
306.141000,2189
306.141500,2063
306.142000,1986
306.142500,2151
306.143000,2045
306.143500,2194
306.144000,2072
306.144500,1995
306.145000,2156
306.145500,2044
306.146000,2192
306.146500,2067
306.147000,1991
306.147500,2152
306.148000,2038
306.148500,2190
306.149000,2064
306.149500,1986
306.150000,2149
306.150500,2039
306.151000,2186
306.151500,2059
306.152000,1981
306.152500,2149
306.153000,2041
306.153500,2190
306.154000,2063
306.154500,1985
306.155000,2149
306.155500,2039
306.156000,2188
306.156500,2061
306.157000,1983
306.157500,2152
306.158000,2041
306.158500,2192
306.159000,2068
306.159500,1991
306.160000,2153
306.160500,2042
306.161000,2190
306.161500,2063
306.162000,1986
306.162500,2151
306.163000,2041
306.163500,2192
306.164000,2069
306.164500,1993
306.165000,2154
306.165500,2044
306.166000,2191
306.166500,2064
306.167000,1987
306.167500,2151
306.168000,2039
306.168500,2190
306.169000,2064
306.169500,1986
306.170000,2148
306.170500,2038
306.171000,2185
306.171500,2058
306.172000,1980
306.172500,2149
306.173000,2036
306.173500,2189
306.174000,2064
306.174500,1986
306.175000,2150
306.175500,2040
306.176000,2188
306.176500,2061
306.177000,1983
306.177500,2152
306.178000,2041
306.178500,2192
306.179000,2068
306.179500,1992
306.180000,2153
306.180500,2042
306.181000,2190
306.181500,2064
306.182000,1988
306.182500,2153
306.183000,2041
306.183500,2195
306.184000,2073
306.184500,1995
306.185000,2156
306.185500,2044
306.186000,2192
306.186500,2067
306.187000,1990
306.187500,2152
306.188000,2042
306.188500,2192
306.189000,2067
306.189500,1989
306.190000,2150
306.190500,2039
306.191000,2186
306.191500,2059
306.192000,1980
306.192500,2148
306.193000,2041
306.193500,2193
306.194000,2071
306.194500,1992
306.195000,2152
306.195500,2041
306.196000,2189
306.196500,2062
306.197000,1984
306.197500,2148
306.198000,2037
306.198500,2190
306.199000,2065
306.199500,1989
306.200000,2152
306.200500,2041
306.201000,2190
306.201500,2063
306.202000,1986
306.202500,2151
306.203000,2044
306.203500,2195
306.204000,2072
306.204500,1995
306.205000,2156
306.205500,2045
306.206000,2192
306.206500,2067
306.207000,1990
306.207500,2152
306.208000,2042
306.208500,2192
306.209000,2067
306.209500,1989
306.210000,2151
306.210500,2039
306.211000,2185
306.211500,2058
306.212000,1980
306.212500,2149
306.213000,2036
306.213500,2190
306.214000,2064
306.214500,1987
306.215000,2150
306.215500,2040
306.216000,2187
306.216500,2061
306.217000,1983
306.217500,2152
306.218000,2039
306.218500,2190
306.219000,2065
306.219500,1989
306.220000,2152
306.220500,2042
306.221000,2190
306.221500,2064
306.222000,1988
306.222500,2152
306.223000,2040
306.223500,2194
306.224000,2072
306.224500,1995
306.225000,2157
306.225500,2046
306.226000,2191
306.226500,2065
306.227000,1989
306.227500,2151
306.228000,2041
306.228500,2192
306.229000,2067
306.229500,1989
306.230000,2151
306.230500,2039
306.231000,2186
306.231500,2058
306.232000,1980
306.232500,2148
306.233000,2038
306.233500,2190
306.234000,2064
306.234500,1987
306.235000,2150
306.235500,2040
306.236000,2188
306.236500,2062
306.237000,1983
306.237500,2152
306.238000,2039
306.238500,2191
306.239000,2066
306.239500,1990
306.240000,2152
306.240500,2042
306.241000,2190
306.241500,2064
306.242000,1988
306.242500,2152
306.243000,2040
306.243500,2194
306.244000,2072
306.244500,1995
306.245000,2155
306.245500,2044
306.246000,2191
306.246500,2065
306.247000,1989
306.247500,2151
306.248000,2038
306.248500,2192
306.249000,2069
306.249500,1990
306.250000,2151
306.250500,2039
306.251000,2185
306.251500,2059
306.252000,1980
306.252500,2148
306.253000,2036
306.253500,2190
306.254000,2064
306.254500,1987
306.255000,2150
306.255500,2040
306.256000,2187
306.256500,2060
306.257000,1982
306.257500,2151
306.258000,2040
306.258500,2189
306.259000,2064
306.259500,1987
306.260000,2151
306.260500,2041
306.261000,2188
306.261500,2062
306.262000,1985
306.262500,2150
306.263000,2042
306.263500,2193
306.264000,2071
306.264500,1994
306.265000,2154
306.265500,2044
306.266000,2191
306.266500,2065
306.267000,1989
306.267500,2152
306.268000,2041
306.268500,2190
306.269000,2064
306.269500,1986
306.270000,2149
306.270500,2038
306.271000,2185
306.271500,2058
306.272000,1980
306.272500,2148
306.273000,2039
306.273500,2191
306.274000,2066
306.274500,1989
306.275000,2151
306.275500,2041
306.276000,2188
306.276500,2061
306.277000,1983
306.277500,2152
306.278000,2045
306.278500,2192
306.279000,2069
306.279500,1991
306.280000,2153
306.280500,2042
306.281000,2190
306.281500,2064
306.282000,1988
306.282500,2152
306.283000,2040
306.283500,2194
306.284000,2071
306.284500,1995
306.285000,2155
306.285500,2044
306.286000,2192
306.286500,2066
306.287000,1989
306.287500,2152
306.288000,2041
306.288500,2193
306.289000,2069
306.289500,1989
306.290000,2151
306.290500,2040
306.291000,2186
306.291500,2058
306.292000,1980
306.292500,2149
306.293000,2038
306.293500,2189
306.294000,2064
306.294500,1986
306.295000,2150
306.295500,2039
306.296000,2188
306.296500,2061
306.297000,1983
306.297500,2152
306.298000,2042
306.298500,2193
306.299000,2070
306.299500,1992
306.300000,2153
306.300500,2042
306.301000,2189
306.301500,2064
306.302000,1987
306.302500,2152
306.303000,2042
306.303500,2194
306.304000,2072
306.304500,1995
306.305000,2156
306.305500,2045
306.306000,2192
306.306500,2066
306.307000,1990
306.307500,2152
306.308000,2038
306.308500,2189
306.309000,2063
306.309500,1984
306.310000,2146
306.310500,2036
306.311000,2184
306.311500,2057
306.312000,1979
306.312500,2148
306.313000,2038
306.313500,2191
306.314000,2066
306.314500,1988
306.315000,2151
306.315500,2041
306.316000,2188
306.316500,2062
306.317000,1983
306.317500,2152
306.318000,2038
306.318500,2193
306.319000,2071
306.319500,1993
306.320000,2154
306.320500,2043
306.321000,2190
306.321500,2064
306.322000,1987
306.322500,2151
306.323000,2047
306.323500,2199
306.324000,2074
306.324500,1996
306.325000,2156
306.325500,2044
306.326000,2192
306.326500,2067
306.327000,1991
306.327500,2152
306.328000,2040
306.328500,2191
306.329000,2064
306.329500,1986
306.330000,2149
306.330500,2038
306.331000,2185
306.331500,2058
306.332000,1979
306.332500,2149
306.333000,2042
306.333500,2190
306.334000,2064
306.334500,1987
306.335000,2150
306.335500,2040
306.336000,2188
306.336500,2062
306.337000,1983
306.337500,2153
306.338000,2039
306.338500,2190
306.339000,2065
306.339500,1989
306.340000,2152
306.340500,2041
306.341000,2189
306.341500,2062
306.342000,1985
306.342500,2150
306.343000,2044
306.343500,2194
306.344000,2072
306.344500,1996
306.345000,2156
306.345500,2045
306.346000,2192
306.346500,2068
306.347000,1990
306.347500,2152
306.348000,2039
306.348500,2193
306.349000,2070
306.349500,1990
306.350000,2151
306.350500,2039
306.351000,2186
306.351500,2059
306.352000,1980
306.352500,2148
306.353000,2041
306.353500,2193
306.354000,2071
306.354500,1992
306.355000,2152
306.355500,2041
306.356000,2189
306.356500,2062
306.357000,1983
306.357500,2153
306.358000,2039
306.358500,2191
306.359000,2066
306.359500,1990
306.360000,2153
306.360500,2042
306.361000,2189
306.361500,2063
306.362000,1985
306.362500,2151
306.363000,2041
306.363500,2194
306.364000,2072
306.364500,1995
306.365000,2156
306.365500,2045
306.366000,2192
306.366500,2067
306.367000,1990
306.367500,2152
306.368000,2037
306.368500,2189
306.369000,2062
306.369500,1983
306.370000,2152
306.370500,2039
306.371000,2185
306.371500,2058
306.372000,1980
306.372500,2149
306.373000,2036
306.373500,2191
306.374000,2068
306.374500,1991
306.375000,2152
306.375500,2041
306.376000,2188
306.376500,2062
306.377000,1983
306.377500,2152
306.378000,2043
306.378500,2193
306.379000,2070
306.379500,1993
306.380000,2153
306.380500,2042
306.381000,2189
306.381500,2063
306.382000,1986
306.382500,2150
306.383000,2041
306.383500,2193
306.384000,2072
306.384500,1996
306.385000,2156
306.385500,2044
306.386000,2192
306.386500,2067
306.387000,1991
306.387500,2152
306.388000,2040
306.388500,2194
306.389000,2071
306.389500,1991
306.390000,2152
306.390500,2040
306.391000,2186
306.391500,2059
306.392000,1980
306.392500,2148
306.393000,2041
306.393500,2190
306.394000,2065
306.394500,1988
306.395000,2151
306.395500,2040
306.396000,2188
306.396500,2061
306.397000,1983
306.397500,2153
306.398000,2040
306.398500,2192
306.399000,2068
306.399500,1992
306.400000,2153
306.400500,2042
306.401000,2189
306.401500,2063
306.402000,1986
306.402500,2150
306.403000,2039
306.403500,2193
306.404000,2070
306.404500,1994
306.405000,2155
306.405500,2044
306.406000,2190
306.406500,2063
306.407000,1985
306.407500,2149
306.408000,2040
306.408500,2191
306.409000,2065
306.409500,1987
306.410000,2150
306.410500,2038
306.411000,2185
306.411500,2058
306.412000,1980
306.412500,2149
306.413000,2039
306.413500,2192
306.414000,2068
306.414500,1990
306.415000,2152
306.415500,2041
306.416000,2189
306.416500,2062
306.417000,1984
306.417500,2147
306.418000,2039
306.418500,2192
306.419000,2068
306.419500,1991
306.420000,2153
306.420500,2042
306.421000,2190
306.421500,2064
306.422000,1987
306.422500,2152
306.423000,2042
306.423500,2192
306.424000,2069
306.424500,1993
306.425000,2155
306.425500,2044
306.426000,2191
306.426500,2064
306.427000,1987
306.427500,2151
306.428000,2038
306.428500,2189
306.429000,2063
306.429500,1983
306.430000,2152
306.430500,2040
306.431000,2185
306.431500,2059
306.432000,1980
306.432500,2149
306.433000,2041
306.433500,2191
306.434000,2066
306.434500,1990
306.435000,2152
306.435500,2041
306.436000,2189
306.436500,2063
306.437000,1984
306.437500,2148
306.438000,2036
306.438500,2189
306.439000,2064
306.439500,1988
306.440000,2151
306.440500,2041
306.441000,2189
306.441500,2063
306.442000,1986
306.442500,2151
306.443000,2042
306.443500,2193
306.444000,2071
306.444500,1994
306.445000,2155
306.445500,2044
306.446000,2190
306.446500,2064
306.447000,1987
306.447500,2150
306.448000,2039
306.448500,2190
306.449000,2064
306.449500,1986
306.450000,2149
306.450500,2038
306.451000,2184
306.451500,2058
306.452000,1980
306.452500,2149
306.453000,2037
306.453500,2189
306.454000,2064
306.454500,1987
306.455000,2151
306.455500,2040
306.456000,2188
306.456500,2062
306.457000,1983
306.457500,2152
306.458000,2038
306.458500,2191
306.459000,2066
306.459500,1990
306.460000,2152
306.460500,2042
306.461000,2190
306.461500,2064
306.462000,1988
306.462500,2152
306.463000,2041
306.463500,2195
306.464000,2073
306.464500,1996
306.465000,2156
306.465500,2045
306.466000,2192
306.466500,2067
306.467000,1990
306.467500,2152
306.468000,2038
306.468500,2189
306.469000,2063
306.469500,1983
306.470000,2151
306.470500,2040
306.471000,2185
306.471500,2058
306.472000,1979
306.472500,2149
306.473000,2036
306.473500,2189
306.474000,2063
306.474500,1985
306.475000,2149
306.475500,2039
306.476000,2188
306.476500,2061
306.477000,1983
306.477500,2152
306.478000,2042
306.478500,2193
306.479000,2070
306.479500,1993
306.480000,2153
306.480500,2042
306.481000,2189
306.481500,2063
306.482000,1986
306.482500,2151
306.483000,2044
306.483500,2195
306.484000,2073
306.484500,1996
306.485000,2156
306.485500,2044
306.486000,2192
306.486500,2067
306.487000,1990
306.487500,2152
306.488000,2042
306.488500,2193
306.489000,2068
306.489500,1990
306.490000,2150
306.490500,2039
306.491000,2186
306.491500,2059
306.492000,1980
306.492500,2148
306.493000,2042
306.493500,2191
306.494000,2065
306.494500,1988
306.495000,2151
306.495500,2041
306.496000,2188
306.496500,2062
306.497000,1984
306.497500,2147
306.498000,2036
306.498500,2190
306.499000,2065
306.499500,1989
306.500000,2152
306.500500,2041
306.501000,2189
306.501500,2063
306.502000,1986
306.502500,2151
306.503000,2045
306.503500,2194
306.504000,2072
306.504500,1995
306.505000,2155
306.505500,2044
306.506000,2191
306.506500,2064
306.507000,1987
306.507500,2150
306.508000,2041
306.508500,2192
306.509000,2069
306.509500,1990
306.510000,2151
306.510500,2039
306.511000,2185
306.511500,2059
306.512000,1980
306.512500,2149
306.513000,2040
306.513500,2192
306.514000,2067
306.514500,1990
306.515000,2152
306.515500,2041
306.516000,2189
306.516500,2063
306.517000,1984
306.517500,2147
306.518000,2038
306.518500,2188
306.519000,2063
306.519500,1985
306.520000,2149
306.520500,2040
306.521000,2188
306.521500,2062
306.522000,1984
306.522500,2149
306.523000,2040
306.523500,2192
306.524000,2069
306.524500,1993
306.525000,2155
306.525500,2044
306.526000,2191
306.526500,2064
306.527000,1987
306.527500,2151
306.528000,2040
306.528500,2189
306.529000,2063
306.529500,1983
306.530000,2151
306.530500,2040
306.531000,2185
306.531500,2058
306.532000,1979
306.532500,2149
306.533000,2040
306.533500,2188
306.534000,2063
306.534500,1985
306.535000,2149
306.535500,2039
306.536000,2187
306.536500,2062
306.537000,1982
306.537500,2151
306.538000,2043
306.538500,2193
306.539000,2070
306.539500,1992
306.540000,2153
306.540500,2042
306.541000,2190
306.541500,2063
306.542000,1986
306.542500,2151
306.543000,2043
306.543500,2195
306.544000,2073
306.544500,1996
306.545000,2156
306.545500,2044
306.546000,2192
306.546500,2067
306.547000,1990
306.547500,2152
306.548000,2039
306.548500,2191
306.549000,2064
306.549500,1986
306.550000,2149
306.550500,2038
306.551000,2184
306.551500,2058
306.552000,1980
306.552500,2149
306.553000,2038
306.553500,2190
306.554000,2064
306.554500,1987
306.555000,2150
306.555500,2040
306.556000,2188
306.556500,2061
306.557000,1983
306.557500,2153
306.558000,2042
306.558500,2194
306.559000,2070
306.559500,1992
306.560000,2153
306.560500,2042
306.561000,2189
306.561500,2063
306.562000,1985
306.562500,2150
306.563000,2043
306.563500,2194
306.564000,2071
306.564500,1995
306.565000,2156
306.565500,2045
306.566000,2192
306.566500,2067
306.567000,1990
306.567500,2152
306.568000,2044
306.568500,2191
306.569000,2065
306.569500,1988
306.570000,2150
306.570500,2038
306.571000,2185
306.571500,2059
306.572000,1979
306.572500,2150
306.573000,2037
306.573500,2189
306.574000,2064
306.574500,1987
306.575000,2151
306.575500,2040
306.576000,2187
306.576500,2061
306.577000,1982
306.577500,2151
306.578000,2038
306.578500,2190
306.579000,2065
306.579500,1989
306.580000,2152
306.580500,2041
306.581000,2189
306.581500,2063
306.582000,1986
306.582500,2151
306.583000,2040
306.583500,2192
306.584000,2069
306.584500,1993
306.585000,2155
306.585500,2044
306.586000,2191
306.586500,2065
306.587000,1989
306.587500,2151
306.588000,2039
306.588500,2192
306.589000,2066
306.589500,1989
306.590000,2150
306.590500,2039
306.591000,2185
306.591500,2058
306.592000,1980
306.592500,2149
306.593000,2041
306.593500,2192
306.594000,2068
306.594500,1990
306.595000,2152
306.595500,2041
306.596000,2189
306.596500,2062
306.597000,1985
306.597500,2148
306.598000,2036
306.598500,2191
306.599000,2066
306.599500,1990
306.600000,2152
306.600500,2041
306.601000,2189
306.601500,2063
306.602000,1986
306.602500,2152
306.603000,2041
306.603500,2194
306.604000,2072
306.604500,1995
306.605000,2156
306.605500,2044
306.606000,2191
306.606500,2065
306.607000,1989
306.607500,2152
306.608000,2042
306.608500,2194
306.609000,2071
306.609500,1990
306.610000,2152
306.610500,2040
306.611000,2185
306.611500,2059
306.612000,1979
306.612500,2150
306.613000,2042
306.613500,2191
306.614000,2065
306.614500,1989
306.615000,2151
306.615500,2041
306.616000,2188
306.616500,2061
306.617000,1983
306.617500,2153
306.618000,2040
306.618500,2192
306.619000,2068
306.619500,1991
306.620000,2152
306.620500,2042
306.621000,2189
306.621500,2063
306.622000,1986
306.622500,2151
306.623000,2044
306.623500,2194
306.624000,2072
306.624500,1996
306.625000,2156
306.625500,2045
306.626000,2192
306.626500,2067
306.627000,1990
306.627500,2152
306.628000,2039
306.628500,2190
306.629000,2064
306.629500,1986
306.630000,2148
306.630500,2038
306.631000,2184
306.631500,2058
306.632000,1979
306.632500,2149
306.633000,2038
306.633500,2192
306.634000,2070
306.634500,1991
306.635000,2153
306.635500,2042
306.636000,2189
306.636500,2062
306.637000,1984
306.637500,2147
306.638000,2036
306.638500,2190
306.639000,2065
306.639500,1989
306.640000,2152
306.640500,2041
306.641000,2189
306.641500,2063
306.642000,1986
306.642500,2151
306.643000,2042
306.643500,2194
306.644000,2074
306.644500,1996
306.645000,2156
306.645500,2045
306.646000,2192
306.646500,2066
306.647000,1990
306.647500,2153
306.648000,2044
306.648500,2191
306.649000,2065
306.649500,1988
306.650000,2149
306.650500,2038
306.651000,2185
306.651500,2058
306.652000,1980
306.652500,2148
306.653000,2042
306.653500,2190
306.654000,2064
306.654500,1987
306.655000,2150
306.655500,2040
306.656000,2188
306.656500,2061
306.657000,1983
306.657500,2152
306.658000,2042
306.658500,2192
306.659000,2068
306.659500,1991
306.660000,2153
306.660500,2042
306.661000,2189
306.661500,2063
306.662000,1986
306.662500,2151
306.663000,2040
306.663500,2191
306.664000,2066
306.664500,1992
306.665000,2154
306.665500,2043
306.666000,2192
306.666500,2066
306.667000,1990
306.667500,2152
306.668000,2039
306.668500,2190
306.669000,2064
306.669500,1986
306.670000,2149
306.670500,2039
306.671000,2185
306.671500,2058
306.672000,1980
306.672500,2149
306.673000,2038
306.673500,2189
306.674000,2064
306.674500,1987
306.675000,2150
306.675500,2040
306.676000,2188
306.676500,2062
306.677000,1983
306.677500,2153
306.678000,2041
306.678500,2192
306.679000,2068
306.679500,1991
306.680000,2154
306.680500,2042
306.681000,2190
306.681500,2064
306.682000,1988
306.682500,2152
306.683000,2043
306.683500,2194
306.684000,2071
306.684500,1994
306.685000,2155
306.685500,2044
306.686000,2191
306.686500,2065
306.687000,1989
306.687500,2152
306.688000,2042
306.688500,2191
306.689000,2065
306.689500,1988
306.690000,2149
306.690500,2039
306.691000,2185
306.691500,2058
306.692000,1980
306.692500,2149
306.693000,2040
306.693500,2191
306.694000,2066
306.694500,1989
306.695000,2151
306.695500,2040
306.696000,2188
306.696500,2061
306.697000,1983
306.697500,2152
306.698000,2039
306.698500,2191
306.699000,2066
306.699500,1990
306.700000,2152
306.700500,2041
306.701000,2189
306.701500,2063
306.702000,1986
306.702500,2150
306.703000,2041
306.703500,2194
306.704000,2074
306.704500,1996
306.705000,2156
306.705500,2045
306.706000,2192
306.706500,2066
306.707000,1990
306.707500,2152
306.708000,2039
306.708500,2190
306.709000,2064
306.709500,1986
306.710000,2149
306.710500,2038
306.711000,2185
306.711500,2058
306.712000,1980
306.712500,2149
306.713000,2042
306.713500,2190
306.714000,2065
306.714500,1988
306.715000,2151
306.715500,2040
306.716000,2188
306.716500,2061
306.717000,1983
306.717500,2152
306.718000,2040
306.718500,2193
306.719000,2069
306.719500,1992
306.720000,2153
306.720500,2042
306.721000,2189
306.721500,2063
306.722000,1986
306.722500,2151
306.723000,2040
306.723500,2192
306.724000,2069
306.724500,1993
306.725000,2154
306.725500,2044
306.726000,2191
306.726500,2065
306.727000,1989
306.727500,2152
306.728000,2044
306.728500,2191
306.729000,2065
306.729500,1988
306.730000,2149
306.730500,2039
306.731000,2185
306.731500,2059
306.732000,1980
306.732500,2149
306.733000,2042
306.733500,2192
306.734000,2070
306.734500,1991
306.735000,2153
306.735500,2042
306.736000,2189
306.736500,2062
306.737000,1983
306.737500,2153
306.738000,2040
306.738500,2193
306.739000,2069
306.739500,1992
306.740000,2153
306.740500,2042
306.741000,2189
306.741500,2063
306.742000,1986
306.742500,2151
306.743000,2042
306.743500,2193
306.744000,2071
306.744500,1995
306.745000,2156
306.745500,2044
306.746000,2191
306.746500,2065
306.747000,1989
306.747500,2151
306.748000,2042
306.748500,2191
306.749000,2065
306.749500,1987
306.750000,2150
306.750500,2040
306.751000,2184
306.751500,2058
306.752000,1980
306.752500,2148
306.753000,2040
306.753500,2190
306.754000,2064
306.754500,1986
306.755000,2150
306.755500,2040
306.756000,2188
306.756500,2062
306.757000,1983
306.757500,2152
306.758000,2038
306.758500,2190
306.759000,2065
306.759500,1989
306.760000,2152
306.760500,2041
306.761000,2190
306.761500,2063
306.762000,1986
306.762500,2151
306.763000,2041
306.763500,2193
306.764000,2070
306.764500,1993
306.765000,2154
306.765500,2043
306.766000,2191
306.766500,2065
306.767000,1988
306.767500,2151
306.768000,2041
306.768500,2192
306.769000,2066
306.769500,1989
306.770000,2150
306.770500,2039
306.771000,2185
306.771500,2058
306.772000,1979
306.772500,2149
306.773000,2039
306.773500,2188
306.774000,2063
306.774500,1985
306.775000,2149
306.775500,2040
306.776000,2187
306.776500,2061
306.777000,1982
306.777500,2151
306.778000,2044
306.778500,2193
306.779000,2069
306.779500,1991
306.780000,2153
306.780500,2042
306.781000,2189
306.781500,2063
306.782000,1986
306.782500,2151
306.783000,2043
306.783500,2193
306.784000,2071
306.784500,1994
306.785000,2155
306.785500,2044
306.786000,2190
306.786500,2064
306.787000,1988
306.787500,2151
306.788000,2037
306.788500,2190
306.789000,2064
306.789500,1985
306.790000,2148
306.790500,2038
306.791000,2184
306.791500,2058
306.792000,1980
306.792500,2148
306.793000,2039
306.793500,2191
306.794000,2065
306.794500,1988
306.795000,2152
306.795500,2041
306.796000,2189
306.796500,2062
306.797000,1984
306.797500,2147
306.798000,2038
306.798500,2190
306.799000,2065
306.799500,1989
306.800000,2152
306.800500,2041
306.801000,2189
306.801500,2063
306.802000,1986
306.802500,2151
306.803000,2043
306.803500,2195
306.804000,2073
306.804500,1996
306.805000,2156
306.805500,2044
306.806000,2192
306.806500,2066
306.807000,1990
306.807500,2152
306.808000,2040
306.808500,2189
306.809000,2064
306.809500,1986
306.810000,2149
306.810500,2038
306.811000,2184
306.811500,2058
306.812000,1979
306.812500,2148
306.813000,2037
306.813500,2190
306.814000,2064
306.814500,1987
306.815000,2150
306.815500,2040
306.816000,2188
306.816500,2061
306.817000,1983
306.817500,2152
306.818000,2039
306.818500,2191
306.819000,2066
306.819500,1990
306.820000,2152
306.820500,2041
306.821000,2189
306.821500,2063
306.822000,1986
306.822500,2151
306.823000,2041
306.823500,2194
306.824000,2072
306.824500,1995
306.825000,2156
306.825500,2044
306.826000,2191
306.826500,2065
306.827000,1988
306.827500,2151
306.828000,2040
306.828500,2191
306.829000,2066
306.829500,1989
306.830000,2150
306.830500,2038
306.831000,2185
306.831500,2058
306.832000,1980
306.832500,2149
306.833000,2036
306.833500,2190
306.834000,2065
306.834500,1989
306.835000,2151
306.835500,2040
306.836000,2188
306.836500,2062
306.837000,1983
306.837500,2153
306.838000,2043
306.838500,2194
306.839000,2071
306.839500,1993
306.840000,2154
306.840500,2042
306.841000,2190
306.841500,2064
306.842000,1988
306.842500,2152
306.843000,2042
306.843500,2193
306.844000,2071
306.844500,1994
306.845000,2154
306.845500,2044
306.846000,2191
306.846500,2064
306.847000,1988
306.847500,2151
306.848000,2039
306.848500,2190
306.849000,2064
306.849500,1986
306.850000,2148
306.850500,2037
306.851000,2185
306.851500,2058
306.852000,1980
306.852500,2148
306.853000,2039
306.853500,2192
306.854000,2068
306.854500,1990
306.855000,2152
306.855500,2041
306.856000,2188
306.856500,2062
306.857000,1984
306.857500,2148
306.858000,2040
306.858500,2192
306.859000,2068
306.859500,1991
306.860000,2152
306.860500,2041
306.861000,2189
306.861500,2063
306.862000,1986
306.862500,2152
306.863000,2042
306.863500,2193
306.864000,2071
306.864500,1994
306.865000,2155
306.865500,2044
306.866000,2190
306.866500,2063
306.867000,1985
306.867500,2149
306.868000,2037
306.868500,2192
306.869000,2069
306.869500,1990
306.870000,2150
306.870500,2039
306.871000,2185
306.871500,2059
306.872000,1980
306.872500,2149
306.873000,2040
306.873500,2190
306.874000,2065
306.874500,1988
306.875000,2151
306.875500,2040
306.876000,2187
306.876500,2061
306.877000,1983
306.877500,2152
306.878000,2040
306.878500,2192
306.879000,2068
306.879500,1990
306.880000,2153
306.880500,2042
306.881000,2190
306.881500,2063
306.882000,1986
306.882500,2151
306.883000,2042
306.883500,2191
306.884000,2067
306.884500,1993
306.885000,2154
306.885500,2044
306.886000,2191
306.886500,2064
306.887000,1987
306.887500,2151
306.888000,2037
306.888500,2190
306.889000,2063
306.889500,1983
306.890000,2151
306.890500,2039
306.891000,2186
306.891500,2060
306.892000,1980
306.892500,2150
306.893000,2037
306.893500,2191
306.894000,2067
306.894500,1990
306.895000,2152
306.895500,2040
306.896000,2188
306.896500,2062
306.897000,1983
306.897500,2153
306.898000,2045
306.898500,2194
306.899000,2070
306.899500,1993
306.900000,2153
306.900500,2042
306.901000,2190
306.901500,2063
306.902000,1986
306.902500,2151
306.903000,2040
306.903500,2193
306.904000,2070
306.904500,1994
306.905000,2155
306.905500,2044
306.906000,2191
306.906500,2064
306.907000,1987
306.907500,2150
306.908000,2043
306.908500,2190
306.909000,2064
306.909500,1986
306.910000,2149
306.910500,2038
306.911000,2184
306.911500,2057
306.912000,1980
306.912500,2149
306.913000,2040
306.913500,2191
306.914000,2066
306.914500,1989
306.915000,2151
306.915500,2040
306.916000,2187
306.916500,2061
306.917000,1982
306.917500,2151
306.918000,2041
306.918500,2191
306.919000,2066
306.919500,1990
306.920000,2152
306.920500,2042
306.921000,2190
306.921500,2063
306.922000,1986
306.922500,2151
306.923000,2042
306.923500,2192
306.924000,2070
306.924500,1993
306.925000,2154
306.925500,2043
306.926000,2191
306.926500,2064
306.927000,1987
306.927500,2151
306.928000,2041
306.928500,2191
306.929000,2064
306.929500,1987
306.930000,2149
306.930500,2038
306.931000,2184
306.931500,2057
306.932000,1981
306.932500,2150
306.933000,2042
306.933500,2191
306.934000,2065
306.934500,1989
306.935000,2152
306.935500,2041
306.936000,2189
306.936500,2063
306.937000,1985
306.937500,2149
306.938000,2037
306.938500,2190
306.939000,2066
306.939500,1990
306.940000,2152
306.940500,2041
306.941000,2189
306.941500,2064
306.942000,1988
306.942500,2152
306.943000,2045
306.943500,2195
306.944000,2073
306.944500,1996
306.945000,2156
306.945500,2044
306.946000,2192
306.946500,2066
306.947000,1990
306.947500,2152
306.948000,2041
306.948500,2192
306.949000,2067
306.949500,1990
306.950000,2150
306.950500,2039
306.951000,2185
306.951500,2058
306.952000,1980
306.952500,2149
306.953000,2041
306.953500,2192
306.954000,2067
306.954500,1991
306.955000,2152
306.955500,2041
306.956000,2189
306.956500,2062
306.957000,1983
306.957500,2153
306.958000,2042
306.958500,2196
306.959000,2074
306.959500,1995
306.960000,2155
306.960500,2044
306.961000,2190
306.961500,2064
306.962000,1989
306.962500,2152
306.963000,2040
306.963500,2193
306.964000,2071
306.964500,1994
306.965000,2154
306.965500,2043
306.966000,2191
306.966500,2064
306.967000,1987
306.967500,2151
306.968000,2041
306.968500,2190
306.969000,2063
306.969500,1984
306.970000,2145
306.970500,2036
306.971000,2183
306.971500,2057
306.972000,1979
306.972500,2148
306.973000,2039
306.973500,2188
306.974000,2063
306.974500,1985
306.975000,2149
306.975500,2039
306.976000,2188
306.976500,2061
306.977000,1983
306.977500,2152
306.978000,2041
306.978500,2196
306.979000,2073
306.979500,1994
306.980000,2154
306.980500,2043
306.981000,2190
306.981500,2064
306.982000,1988
306.982500,2152
306.983000,2040
306.983500,2193
306.984000,2071
306.984500,1994
306.985000,2154
306.985500,2044
306.986000,2191
306.986500,2064
306.987000,1987
306.987500,2151
306.988000,2039
306.988500,2191
306.989000,2065
306.989500,1988
306.990000,2149
306.990500,2038
306.991000,2184
306.991500,2058
306.992000,1979
306.992500,2148
306.993000,2039
306.993500,2191
306.994000,2067
306.994500,1990
306.995000,2152
306.995500,2041
306.996000,2189
306.996500,2062
306.997000,1983
306.997500,2153
306.998000,2040
306.998500,2195
306.999000,2074
306.999500,1994
307.000000,2155
307.000500,2043
307.001000,2191
307.001500,2065
307.002000,1990
307.002500,2153
307.003000,2042
307.003500,2194
307.004000,2072
307.004500,1995
307.005000,2156
307.005500,2045
307.006000,2191
307.006500,2065
307.007000,1988
307.007500,2151
307.008000,2038
307.008500,2190
307.009000,2063
307.009500,1983
307.010000,2152
307.010500,2040
307.011000,2186
307.011500,2059
307.012000,1980
307.012500,2148
307.013000,2039
307.013500,2191
307.014000,2065
307.014500,1989
307.015000,2151
307.015500,2041
307.016000,2188
307.016500,2061
307.017000,1983
307.017500,2152
307.018000,2040
307.018500,2192
307.019000,2068
307.019500,1992
307.020000,2153
307.020500,2042
307.021000,2189
307.021500,2063
307.022000,1986
307.022500,2151
307.023000,2045
307.023500,2194
307.024000,2072
307.024500,1996
307.025000,2156
307.025500,2045
307.026000,2192
307.026500,2067
307.027000,1990
307.027500,2152
307.028000,2040
307.028500,2192
307.029000,2069
307.029500,1990
307.030000,2150
307.030500,2039
307.031000,2185
307.031500,2059
307.032000,1980
307.032500,2148
307.033000,2038
307.033500,2188
307.034000,2063
307.034500,1985
307.035000,2149
307.035500,2039
307.036000,2188
307.036500,2062
307.037000,1983
307.037500,2152
307.038000,2040
307.038500,2193
307.039000,2072
307.039500,1993
307.040000,2154
307.040500,2043
307.041000,2190
307.041500,2063
307.042000,1986
307.042500,2151
307.043000,2042
307.043500,2195
307.044000,2073
307.044500,1995
307.045000,2156
307.045500,2045
307.046000,2191
307.046500,2065
307.047000,1989
307.047500,2151
307.048000,2043
307.048500,2191
307.049000,2065
307.049500,1987
307.050000,2150
307.050500,2038
307.051000,2185
307.051500,2059
307.052000,1980
307.052500,2148
307.053000,2038
307.053500,2191
307.054000,2066
307.054500,1989
307.055000,2151
307.055500,2040
307.056000,2188
307.056500,2061
307.057000,1983
307.057500,2152
307.058000,2039
307.058500,2191
307.059000,2066
307.059500,1989
307.060000,2151
307.060500,2041
307.061000,2189
307.061500,2063
307.062000,1986
307.062500,2151
307.063000,2041
307.063500,2193
307.064000,2070
307.064500,1994
307.065000,2154
307.065500,2043
307.066000,2191
307.066500,2064
307.067000,1987
307.067500,2150
307.068000,2037
307.068500,2189
307.069000,2063
307.069500,1984
307.070000,2145
307.070500,2036
307.071000,2183
307.071500,2057
307.072000,1979
307.072500,2149
307.073000,2036
307.073500,2190
307.074000,2064
307.074500,1987
307.075000,2151
307.075500,2040
307.076000,2188
307.076500,2061
307.077000,1983
307.077500,2152
307.078000,2042
307.078500,2193
307.079000,2070
307.079500,1993
307.080000,2153
307.080500,2042
307.081000,2189
307.081500,2064
307.082000,1988
307.082500,2152
307.083000,2045
307.083500,2196
307.084000,2073
307.084500,1996
307.085000,2156
307.085500,2044
307.086000,2191
307.086500,2065
307.087000,1989
307.087500,2152
307.088000,2038
307.088500,2190
307.089000,2065
307.089500,1988
307.090000,2150
307.090500,2038
307.091000,2185
307.091500,2058
307.092000,1980
307.092500,2148
307.093000,2037
307.093500,2191
307.094000,2065
307.094500,1988
307.095000,2151
307.095500,2041
307.096000,2188
307.096500,2062
307.097000,1983
307.097500,2152
307.098000,2043
307.098500,2193
307.099000,2070
307.099500,1993
307.100000,2153
307.100500,2042
307.101000,2190
307.101500,2063
307.102000,1986
307.102500,2151
307.103000,2041
307.103500,2192
307.104000,2069
307.104500,1994
307.105000,2154
307.105500,2043
307.106000,2191
307.106500,2064
307.107000,1987
307.107500,2151
307.108000,2038
307.108500,2190
307.109000,2063
307.109500,1984
307.110000,2145
307.110500,2036
307.111000,2183
307.111500,2057
307.112000,1979
307.112500,2149
307.113000,2038
307.113500,2189
307.114000,2063
307.114500,1985
307.115000,2148
307.115500,2039
307.116000,2188
307.116500,2061
307.117000,1983
307.117500,2152
307.118000,2041
307.118500,2193
307.119000,2070
307.119500,1992
307.120000,2153
307.120500,2042
307.121000,2189
307.121500,2063
307.122000,1986
307.122500,2151
307.123000,2044
307.123500,2194
307.124000,2072
307.124500,1995
307.125000,2156
307.125500,2044
307.126000,2191
307.126500,2064
307.127000,1987
307.127500,2151
307.128000,2041
307.128500,2191
307.129000,2065
307.129500,1988
307.130000,2149
307.130500,2039
307.131000,2185
307.131500,2059
307.132000,1980
307.132500,2148
307.133000,2036
307.133500,2190
307.134000,2064
307.134500,1987
307.135000,2150
307.135500,2040
307.136000,2188
307.136500,2061
307.137000,1983
307.137500,2152
307.138000,2042
307.138500,2194
307.139000,2071
307.139500,1993
307.140000,2153
307.140500,2041
307.141000,2190
307.141500,2064
307.142000,1988
307.142500,2151
307.143000,2041
307.143500,2192
307.144000,2070
307.144500,1994
307.145000,2154
307.145500,2044
307.146000,2190
307.146500,2063
307.147000,1985
307.147500,2149
307.148000,2037
307.148500,2189
307.149000,2062
307.149500,1983
307.150000,2151
307.150500,2039
307.151000,2185
307.151500,2059
307.152000,1980
307.152500,2148
307.153000,2037
307.153500,2191
307.154000,2065
307.154500,1989
307.155000,2151
307.155500,2041
307.156000,2188
307.156500,2061
307.157000,1984
307.157500,2147
307.158000,2038
307.158500,2190
307.159000,2065
307.159500,1989
307.160000,2152
307.160500,2042
307.161000,2190
307.161500,2063
307.162000,1986
307.162500,2151
307.163000,2040
307.163500,2191
307.164000,2067
307.164500,1992
307.165000,2153
307.165500,2043
307.166000,2191
307.166500,2064
307.167000,1988
307.167500,2150
307.168000,2037
307.168500,2189
307.169000,2064
307.169500,1985
307.170000,2148
307.170500,2038
307.171000,2184
307.171500,2058
307.172000,1980
307.172500,2149
307.173000,2041
307.173500,2191
307.174000,2066
307.174500,1989
307.175000,2151
307.175500,2040
307.176000,2187
307.176500,2061
307.177000,1983
307.177500,2152
307.178000,2042
307.178500,2192
307.179000,2068
307.179500,1991
307.180000,2152
307.180500,2041
307.181000,2189
307.181500,2063
307.182000,1986
307.182500,2151
307.183000,2039
307.183500,2193
307.184000,2071
307.184500,1994
307.185000,2153
307.185500,2042
307.186000,2190
307.186500,2064
307.187000,1987
307.187500,2150
307.188000,2039
307.188500,2190
307.189000,2064
307.189500,1986
307.190000,2149
307.190500,2038
307.191000,2185
307.191500,2058
307.192000,1980
307.192500,2149
307.193000,2040
307.193500,2188
307.194000,2063
307.194500,1984
307.195000,2146
307.195500,2038
307.196000,2187
307.196500,2061
307.197000,1983
307.197500,2152
307.198000,2040
307.198500,2193
307.199000,2072
307.199500,1993
307.200000,2154
307.200500,2043
307.201000,2191
307.201500,2064
307.202000,1989
307.202500,2153
307.203000,2043
307.203500,2193
307.204000,2071
307.204500,1994
307.205000,2155
307.205500,2044
307.206000,2190
307.206500,2064
307.207000,1987
307.207500,2150
307.208000,2044
307.208500,2192
307.209000,2067
307.209500,1989
307.210000,2150
307.210500,2038
307.211000,2185
307.211500,2059
307.212000,1980
307.212500,2148
307.213000,2040
307.213500,2188
307.214000,2063
307.214500,1985
307.215000,2149
307.215500,2039
307.216000,2188
307.216500,2061
307.217000,1983
307.217500,2153
307.218000,2043
307.218500,2196
307.219000,2073
307.219500,1995
307.220000,2155
307.220500,2044
307.221000,2190
307.221500,2063
307.222000,1986
307.222500,2151
307.223000,2043
307.223500,2192
307.224000,2069
307.224500,1993
307.225000,2155
307.225500,2044
307.226000,2191
307.226500,2064
307.227000,1987
307.227500,2151
307.228000,2040
307.228500,2189
307.229000,2062
307.229500,1982
307.230000,2150
307.230500,2039
307.231000,2185
307.231500,2059
307.232000,1980
307.232500,2149
307.233000,2041
307.233500,2192
307.234000,2067
307.234500,1990
307.235000,2152
307.235500,2041
307.236000,2189
307.236500,2062
307.237000,1983
307.237500,2152
307.238000,2038
307.238500,2191
307.239000,2066
307.239500,1990
307.240000,2152
307.240500,2042
307.241000,2190
307.241500,2064
307.242000,1988
307.242500,2152
307.243000,2042
307.243500,2194
307.244000,2072
307.244500,1995
307.245000,2155
307.245500,2044
307.246000,2191
307.246500,2064
307.247000,1988
307.247500,2152
307.248000,2040
307.248500,2189
307.249000,2063
307.249500,1985
307.250000,2148
307.250500,2038
307.251000,2184
307.251500,2058
307.252000,1980
307.252500,2148
307.253000,2039
307.253500,2191
307.254000,2066
307.254500,1989
307.255000,2152
307.255500,2041
307.256000,2188
307.256500,2062
307.257000,1983
307.257500,2152
307.258000,2040
307.258500,2191
307.259000,2066
307.259500,1990
307.260000,2152
307.260500,2041
307.261000,2189
307.261500,2064
307.262000,1988
307.262500,2152
307.263000,2044
307.263500,2195
307.264000,2073
307.264500,1995
307.265000,2156
307.265500,2045
307.266000,2191
307.266500,2065
307.267000,1988
307.267500,2151
307.268000,2040
307.268500,2191
307.269000,2065
307.269500,1987
307.270000,2150
307.270500,2039
307.271000,2185
307.271500,2059
307.272000,1980
307.272500,2149
307.273000,2038
307.273500,2191
307.274000,2065
307.274500,1989
307.275000,2151
307.275500,2040
307.276000,2187
307.276500,2061
307.277000,1982
307.277500,2151
307.278000,2042
307.278500,2192
307.279000,2069
307.279500,1992
307.280000,2153
307.280500,2042
307.281000,2190
307.281500,2064
307.282000,1988
307.282500,2152
307.283000,2040
307.283500,2196
307.284000,2075
307.284500,1996
307.285000,2156
307.285500,2045
307.286000,2192
307.286500,2067
307.287000,1991
307.287500,2152
307.288000,2042
307.288500,2189
307.289000,2063
307.289500,1984
307.290000,2146
307.290500,2036
307.291000,2184
307.291500,2058
307.292000,1979
307.292500,2149
307.293000,2040
307.293500,2192
307.294000,2068
307.294500,1991
307.295000,2152
307.295500,2041
307.296000,2188
307.296500,2062
307.297000,1984
307.297500,2147
307.298000,2044
307.298500,2193
307.299000,2070
307.299500,1992
307.300000,2152
307.300500,2042
307.301000,2189
307.301500,2063
307.302000,1986
307.302500,2151
307.303000,2044
307.303500,2195
307.304000,2073
307.304500,1996
307.305000,2155
307.305500,2044
307.306000,2190
307.306500,2064
307.307000,1987
307.307500,2150
307.308000,2043
307.308500,2190
307.309000,2064
307.309500,1985
307.310000,2148
307.310500,2038
307.311000,2184
307.311500,2058
307.312000,1980
307.312500,2149
307.313000,2038
307.313500,2190
307.314000,2064
307.314500,1987
307.315000,2150
307.315500,2040
307.316000,2187
307.316500,2062
307.317000,1983
307.317500,2152
307.318000,2039
307.318500,2190
307.319000,2064
307.319500,1988
307.320000,2151
307.320500,2041
307.321000,2188
307.321500,2062
307.322000,1985
307.322500,2150
307.323000,2041
307.323500,2191
307.324000,2068
307.324500,1992
307.325000,2154
307.325500,2043
307.326000,2191
307.326500,2064
307.327000,1988
307.327500,2151
307.328000,2039
307.328500,2190
307.329000,2064
307.329500,1986
307.330000,2149
307.330500,2038
307.331000,2184
307.331500,2057
307.332000,1980
307.332500,2149
307.333000,2041
307.333500,2192
307.334000,2067
307.334500,1990
307.335000,2152
307.335500,2041
307.336000,2189
307.336500,2062
307.337000,1984
307.337500,2147
307.338000,2040
307.338500,2192
307.339000,2068
307.339500,1992
307.340000,2152
307.340500,2042
307.341000,2190
307.341500,2064
307.342000,1988
307.342500,2152
307.343000,2042
307.343500,2195
307.344000,2073
307.344500,1994
307.345000,2156
307.345500,2044
307.346000,2192
307.346500,2067
307.347000,1990
307.347500,2152
307.348000,2040
307.348500,2189
307.349000,2063
307.349500,1983
307.350000,2151
307.350500,2040
307.351000,2185
307.351500,2058
307.352000,1980
307.352500,2149
307.353000,2041
307.353500,2189
307.354000,2064
307.354500,1986
307.355000,2150
307.355500,2040
307.356000,2188
307.356500,2062
307.357000,1983
307.357500,2152
307.358000,2041
307.358500,2192
307.359000,2068
307.359500,1991
307.360000,2152
307.360500,2042
307.361000,2189
307.361500,2063
307.362000,1986
307.362500,2151
307.363000,2045
307.363500,2194
307.364000,2071
307.364500,1995
307.365000,2156
307.365500,2045
307.366000,2192
307.366500,2067
307.367000,1991
307.367500,2152
307.368000,2040
307.368500,2190
307.369000,2064
307.369500,1986
307.370000,2149
307.370500,2039
307.371000,2185
307.371500,2058
307.372000,1980
307.372500,2149
307.373000,2036
307.373500,2190
307.374000,2064
307.374500,1987
307.375000,2150
307.375500,2040
307.376000,2188
307.376500,2061
307.377000,1983
307.377500,2152
307.378000,2039
307.378500,2190
307.379000,2065
307.379500,1989
307.380000,2152
307.380500,2043
307.381000,2189
307.381500,2063
307.382000,1986
307.382500,2151
307.383000,2044
307.383500,2193
307.384000,2071
307.384500,1994
307.385000,2154
307.385500,2043
307.386000,2191
307.386500,2064
307.387000,1988
307.387500,2151
307.388000,2038
307.388500,2190
307.389000,2064
307.389500,1986
307.390000,2148
307.390500,2038
307.391000,2184
307.391500,2058
307.392000,1980
307.392500,2149
307.393000,2037
307.393500,2190
307.394000,2065
307.394500,1988
307.395000,2151
307.395500,2040
307.396000,2187
307.396500,2062
307.397000,1983
307.397500,2152
307.398000,2040
307.398500,2192
307.399000,2068
307.399500,1992
307.400000,2152
307.400500,2041
307.401000,2189
307.401500,2063
307.402000,1986
307.402500,2151
307.403000,2045
307.403500,2195
307.404000,2073
307.404500,1996
307.405000,2156
307.405500,2044
307.406000,2191
307.406500,2064
307.407000,1988
307.407500,2151
307.408000,2044
307.408500,2190
307.409000,2064
307.409500,1986
307.410000,2148
307.410500,2038
307.411000,2184
307.411500,2058
307.412000,1979
307.412500,2149
307.413000,2040
307.413500,2189
307.414000,2063
307.414500,1985
307.415000,2149
307.415500,2039
307.416000,2188
307.416500,2062
307.417000,1983
307.417500,2152
307.418000,2040
307.418500,2191
307.419000,2066
307.419500,1990
307.420000,2152
307.420500,2041
307.421000,2189
307.421500,2063
307.422000,1987
307.422500,2152
307.423000,2040
307.423500,2193
307.424000,2071
307.424500,1994
307.425000,2155
307.425500,2044
307.426000,2190
307.426500,2064
307.427000,1986
307.427500,2150
307.428000,2039
307.428500,2190
307.429000,2063
307.429500,1984
307.430000,2146
307.430500,2036
307.431000,2183
307.431500,2057
307.432000,1979
307.432500,2149
307.433000,2039
307.433500,2192
307.434000,2067
307.434500,1990
307.435000,2152
307.435500,2041
307.436000,2189
307.436500,2062
307.437000,1983
307.437500,2152
307.438000,2042
307.438500,2194
307.439000,2070
307.439500,1992
307.440000,2153
307.440500,2042
307.441000,2189
307.441500,2063
307.442000,1986
307.442500,2151
307.443000,2039
307.443500,2193
307.444000,2071
307.444500,1994
307.445000,2155
307.445500,2044
307.446000,2191
307.446500,2065
307.447000,1988
307.447500,2151
307.448000,2038
307.448500,2189
307.449000,2064
307.449500,1985
307.450000,2148
307.450500,2038
307.451000,2184
307.451500,2057
307.452000,1979
307.452500,2149
307.453000,2039
307.453500,2192
307.454000,2067
307.454500,1991
307.455000,2152
307.455500,2041
307.456000,2189
307.456500,2062
307.457000,1983
307.457500,2152
307.458000,2039
307.458500,2190
307.459000,2065
307.459500,1989
307.460000,2152
307.460500,2041
307.461000,2190
307.461500,2064
307.462000,1988
307.462500,2152
307.463000,2043
307.463500,2196
307.464000,2073
307.464500,1995
307.465000,2156
307.465500,2044
307.466000,2191
307.466500,2064
307.467000,1987
307.467500,2151
307.468000,2037
307.468500,2189
307.469000,2063
307.469500,1983
307.470000,2151
307.470500,2039
307.471000,2186
307.471500,2060
307.472000,1980
307.472500,2150
307.473000,2041
307.473500,2191
307.474000,2065
307.474500,1988
307.475000,2151
307.475500,2040
307.476000,2187
307.476500,2061
307.477000,1983
307.477500,2152
307.478000,2038
307.478500,2193
307.479000,2071
307.479500,1993
307.480000,2154
307.480500,2042
307.481000,2190
307.481500,2064
307.482000,1988
307.482500,2153
307.483000,2043
307.483500,2193
307.484000,2071
307.484500,1994
307.485000,2154
307.485500,2044
307.486000,2191
307.486500,2064
307.487000,1987
307.487500,2151
307.488000,2039
307.488500,2190
307.489000,2064
307.489500,1986
307.490000,2148
307.490500,2037
307.491000,2184
307.491500,2058
307.492000,1979
307.492500,2149
307.493000,2037
307.493500,2190
307.494000,2064
307.494500,1987
307.495000,2150
307.495500,2039
307.496000,2188
307.496500,2061
307.497000,1983
307.497500,2152
307.498000,2042
307.498500,2193
307.499000,2070
307.499500,1992
307.500000,2153
307.500500,2041
307.501000,2190
307.501500,2064
307.502000,1988
307.502500,2151
307.503000,2040
307.503500,2193
307.504000,2071
307.504500,1994
307.505000,2154
307.505500,2043
307.506000,2190
307.506500,2064
307.507000,1986
307.507500,2150
307.508000,2037
307.508500,2188
307.509000,2062
307.509500,1982
307.510000,2150
307.510500,2038
307.511000,2185
307.511500,2059
307.512000,1980
307.512500,2149
307.513000,2036
307.513500,2189
307.514000,2064
307.514500,1987
307.515000,2151
307.515500,2040
307.516000,2187
307.516500,2061
307.517000,1983
307.517500,2152
307.518000,2038
307.518500,2193
307.519000,2072
307.519500,1993
307.520000,2154
307.520500,2042
307.521000,2189
307.521500,2064
307.522000,1988
307.522500,2152
307.523000,2042
307.523500,2194
307.524000,2072
307.524500,1994
307.525000,2156
307.525500,2044
307.526000,2191
307.526500,2065
307.527000,1988
307.527500,2150
307.528000,2037
307.528500,2188
307.529000,2062
307.529500,1982
307.530000,2150
307.530500,2039
307.531000,2185
307.531500,2058
307.532000,1980
307.532500,2148
307.533000,2041
307.533500,2190
307.534000,2064
307.534500,1987
307.535000,2150
307.535500,2039
307.536000,2188
307.536500,2061
307.537000,1983
307.537500,2152
307.538000,2040
307.538500,2192
307.539000,2068
307.539500,1991
307.540000,2153
307.540500,2042
307.541000,2189
307.541500,2063
307.542000,1986
307.542500,2151
307.543000,2042
307.543500,2193
307.544000,2070
307.544500,1993
307.545000,2155
307.545500,2043
307.546000,2191
307.546500,2065
307.547000,1989
307.547500,2151
307.548000,2037
307.548500,2190
307.549000,2064
307.549500,1986
307.550000,2148
307.550500,2037
307.551000,2184
307.551500,2058
307.552000,1979
307.552500,2149
307.553000,2042
307.553500,2190
307.554000,2065
307.554500,1988
307.555000,2150
307.555500,2040
307.556000,2187
307.556500,2061
307.557000,1983
307.557500,2151
307.558000,2041
307.558500,2191
307.559000,2066
307.559500,1991
307.560000,2152
307.560500,2042
307.561000,2189
307.561500,2063
307.562000,1986
307.562500,2150
307.563000,2044
307.563500,2194
307.564000,2072
307.564500,1995
307.565000,2156
307.565500,2044
307.566000,2191
307.566500,2063
307.567000,1985
307.567500,2149
307.568000,2037
307.568500,2189
307.569000,2063
307.569500,1984
307.570000,2146
307.570500,2036
307.571000,2183
307.571500,2058
307.572000,1979
307.572500,2149
307.573000,2040
307.573500,2189
307.574000,2064
307.574500,1987
307.575000,2151
307.575500,2041
307.576000,2188
307.576500,2062
307.577000,1983
307.577500,2152
307.578000,2045
307.578500,2192
307.579000,2068
307.579500,1991
307.580000,2154
307.580500,2042
307.581000,2189
307.581500,2064
307.582000,1988
307.582500,2152
307.583000,2040
307.583500,2193
307.584000,2071
307.584500,1995
307.585000,2155
307.585500,2044
307.586000,2190
307.586500,2064
307.587000,1987
307.587500,2151
307.588000,2037
307.588500,2189
307.589000,2062
307.589500,1983
307.590000,2150
307.590500,2039
307.591000,2185
307.591500,2059
307.592000,1980
307.592500,2148
307.593000,2038
307.593500,2189
307.594000,2064
307.594500,1987
307.595000,2150
307.595500,2040
307.596000,2188
307.596500,2062
307.597000,1983
307.597500,2152
307.598000,2040
307.598500,2191
307.599000,2065
307.599500,1990
307.600000,2152
307.600500,2041
307.601000,2189
307.601500,2063
307.602000,1985
307.602500,2151
307.603000,2042
307.603500,2193
307.604000,2071
307.604500,1994
307.605000,2155
307.605500,2044
307.606000,2190
307.606500,2063
307.607000,1985
307.607500,2149
307.608000,2036
307.608500,2188
307.609000,2062
307.609500,1982
307.610000,2150
307.610500,2039
307.611000,2185
307.611500,2058
307.612000,1980
307.612500,2149
307.613000,2036
307.613500,2190
307.614000,2064
307.614500,1987
307.615000,2150
307.615500,2040
307.616000,2188
307.616500,2062
307.617000,1983
307.617500,2152
307.618000,2042
307.618500,2193
307.619000,2069
307.619500,1992
307.620000,2153
307.620500,2043
307.621000,2190
307.621500,2063
307.622000,1986
307.622500,2151
307.623000,2046
307.623500,2196
307.624000,2076
307.624500,1997
307.625000,2157
307.625500,2046
307.626000,2192
307.626500,2067
307.627000,1990
307.627500,2152
307.628000,2040
307.628500,2189
307.629000,2064
307.629500,1986
307.630000,2148
307.630500,2038
307.631000,2184
307.631500,2058
307.632000,1980
307.632500,2149
307.633000,2039
307.633500,2189
307.634000,2064
307.634500,1987
307.635000,2150
307.635500,2040
307.636000,2187
307.636500,2061
307.637000,1983
307.637500,2152
307.638000,2039
307.638500,2190
307.639000,2065
307.639500,1989
307.640000,2152
307.640500,2041
307.641000,2189
307.641500,2063
307.642000,1986
307.642500,2151
307.643000,2039
307.643500,2194
307.644000,2072
307.644500,1994
307.645000,2156
307.645500,2044
307.646000,2191
307.646500,2065
307.647000,1988
307.647500,2151
307.648000,2037
307.648500,2189
307.649000,2063
307.649500,1984
307.650000,2146
307.650500,2036
307.651000,2183
307.651500,2057
307.652000,1979
307.652500,2149
307.653000,2038
307.653500,2189
307.654000,2064
307.654500,1987
307.655000,2150
307.655500,2039
307.656000,2188
307.656500,2062
307.657000,1983
307.657500,2152
307.658000,2039
307.658500,2190
307.659000,2064
307.659500,1988
307.660000,2151
307.660500,2040
307.661000,2188
307.661500,2062
307.662000,1984
307.662500,2149
307.663000,2042
307.663500,2191
307.664000,2067
307.664500,1992
307.665000,2153
307.665500,2042
307.666000,2190
307.666500,2063
307.667000,1985
307.667500,2149
307.668000,2037
307.668500,2190
307.669000,2063
307.669500,1984
307.670000,2145
307.670500,2036
307.671000,2183
307.671500,2057
307.672000,1980
307.672500,2148
307.673000,2040
307.673500,2188
307.674000,2062
307.674500,1984
307.675000,2147
307.675500,2038
307.676000,2187
307.676500,2061
307.677000,1983
307.677500,2152
307.678000,2043
307.678500,2193
307.679000,2070
307.679500,1992
307.680000,2152
307.680500,2041
307.681000,2189
307.681500,2062
307.682000,1985
307.682500,2150
307.683000,2045
307.683500,2194
307.684000,2072
307.684500,1995
307.685000,2155
307.685500,2044
307.686000,2190
307.686500,2064
307.687000,1987
307.687500,2150
307.688000,2042
307.688500,2191
307.689000,2064
307.689500,1986
307.690000,2148
307.690500,2038
307.691000,2184
307.691500,2058
307.692000,1980
307.692500,2149
307.693000,2038
307.693500,2190
307.694000,2064
307.694500,1987
307.695000,2150
307.695500,2039
307.696000,2188
307.696500,2062
307.697000,1983
307.697500,2152
307.698000,2042
307.698500,2191
307.699000,2066
307.699500,1990
307.700000,2152
307.700500,2041
307.701000,2189
307.701500,2063
307.702000,1986
307.702500,2151
307.703000,2045
307.703500,2194
307.704000,2072
307.704500,1994
307.705000,2155
307.705500,2044
307.706000,2191
307.706500,2064
307.707000,1986
307.707500,2150
307.708000,2036
307.708500,2189
307.709000,2062
307.709500,1983
307.710000,2151
307.710500,2039
307.711000,2185
307.711500,2059
307.712000,1980
307.712500,2148
307.713000,2041
307.713500,2190
307.714000,2064
307.714500,1987
307.715000,2150
307.715500,2040
307.716000,2188
307.716500,2061
307.717000,1983
307.717500,2152
307.718000,2040
307.718500,2192
307.719000,2069
307.719500,1992
307.720000,2153
307.720500,2041
307.721000,2189
307.721500,2063
307.722000,1986
307.722500,2151
307.723000,2043
307.723500,2195
307.724000,2073
307.724500,1995
307.725000,2156
307.725500,2044
307.726000,2191
307.726500,2064
307.727000,1987
307.727500,2151
307.728000,2040
307.728500,2190
307.729000,2063
307.729500,1984
307.730000,2145
307.730500,2036
307.731000,2184
307.731500,2058
307.732000,1979
307.732500,2149
307.733000,2038
307.733500,2189
307.734000,2063
307.734500,1985
307.735000,2149
307.735500,2040
307.736000,2186
307.736500,2060
307.737000,1982
307.737500,2151
307.738000,2039
307.738500,2192
307.739000,2068
307.739500,1991
307.740000,2153
307.740500,2042
307.741000,2189
307.741500,2063
307.742000,1985
307.742500,2150
307.743000,2043
307.743500,2194
307.744000,2072
307.744500,1994
307.745000,2155
307.745500,2044
307.746000,2190
307.746500,2062
307.747000,1984
307.747500,2147
307.748000,2037
307.748500,2189
307.749000,2063
307.749500,1983
307.750000,2151
307.750500,2039
307.751000,2185
307.751500,2058
307.752000,1979
307.752500,2149
307.753000,2037
307.753500,2188
307.754000,2063
307.754500,1984
307.755000,2148
307.755500,2038
307.756000,2187
307.756500,2061
307.757000,1983
307.757500,2152
307.758000,2038
307.758500,2192
307.759000,2068
307.759500,1991
307.760000,2152
307.760500,2042
307.761000,2189
307.761500,2063
307.762000,1985
307.762500,2151
307.763000,2040
307.763500,2191
307.764000,2066
307.764500,1992
307.765000,2153
307.765500,2043
307.766000,2190
307.766500,2063
307.767000,1985
307.767500,2149
307.768000,2036
307.768500,2189
307.769000,2063
307.769500,1983
307.770000,2151
307.770500,2038
307.771000,2185
307.771500,2058
307.772000,1980
307.772500,2149
307.773000,2041
307.773500,2191
307.774000,2065
307.774500,1988
307.775000,2151
307.775500,2040
307.776000,2188
307.776500,2061
307.777000,1983
307.777500,2152
307.778000,2039
307.778500,2193
307.779000,2071
307.779500,1993
307.780000,2154
307.780500,2043
307.781000,2190
307.781500,2064
307.782000,1988
307.782500,2152
307.783000,2040
307.783500,2194
307.784000,2072
307.784500,1995
307.785000,2155
307.785500,2044
307.786000,2191
307.786500,2064
307.787000,1987
307.787500,2150
307.788000,2037
307.788500,2189
307.789000,2063
307.789500,1984
307.790000,2145
307.790500,2036
307.791000,2182
307.791500,2057
307.792000,1979
307.792500,2148
307.793000,2040
307.793500,2188
307.794000,2063
307.794500,1984
307.795000,2148
307.795500,2038
307.796000,2187
307.796500,2061
307.797000,1982
307.797500,2151
307.798000,2040
307.798500,2190
307.799000,2065
307.799500,1989
307.800000,2152
307.800500,2041
307.801000,2189
307.801500,2062
307.802000,1985
307.802500,2150
307.803000,2042
307.803500,2193
307.804000,2071
307.804500,1994
307.805000,2154
307.805500,2044
307.806000,2190
307.806500,2064
307.807000,1987
307.807500,2150
307.808000,2039
307.808500,2189
307.809000,2062
307.809500,1982
307.810000,2150
307.810500,2039
307.811000,2185
307.811500,2058
307.812000,1979
307.812500,2149
307.813000,2040
307.813500,2191
307.814000,2065
307.814500,1988
307.815000,2150
307.815500,2040
307.816000,2188
307.816500,2061
307.817000,1983
307.817500,2152
307.818000,2042
307.818500,2192
307.819000,2068
307.819500,1992
307.820000,2153
307.820500,2042
307.821000,2189
307.821500,2063
307.822000,1986
307.822500,2151
307.823000,2043
307.823500,2195
307.824000,2072
307.824500,1995
307.825000,2157
307.825500,2046
307.826000,2191
307.826500,2065
307.827000,1989
307.827500,2152
307.828000,2038
307.828500,2190
307.829000,2062
307.829500,1983
307.830000,2152
307.830500,2039
307.831000,2184
307.831500,2058
307.832000,1979
307.832500,2148
307.833000,2037
307.833500,2188
307.834000,2062
307.834500,1983
307.835000,2152
307.835500,2041
307.836000,2188
307.836500,2061
307.837000,1983
307.837500,2152
307.838000,2043
307.838500,2193
307.839000,2070
307.839500,1992
307.840000,2153
307.840500,2042
307.841000,2189
307.841500,2063
307.842000,1986
307.842500,2151
307.843000,2045
307.843500,2194
307.844000,2072
307.844500,1995
307.845000,2155
307.845500,2044
307.846000,2190
307.846500,2064
307.847000,1988
307.847500,2151
307.848000,2037
307.848500,2190
307.849000,2063
307.849500,1984
307.850000,2146
307.850500,2037
307.851000,2184
307.851500,2058
307.852000,1979
307.852500,2150
307.853000,2040
307.853500,2191
307.854000,2065
307.854500,1988
307.855000,2151
307.855500,2040
307.856000,2187
307.856500,2061
307.857000,1983
307.857500,2152
307.858000,2040
307.858500,2192
307.859000,2068
307.859500,1992
307.860000,2153
307.860500,2042
307.861000,2189
307.861500,2063
307.862000,1985
307.862500,2151
307.863000,2043
307.863500,2193
307.864000,2071
307.864500,1994
307.865000,2154
307.865500,2044
307.866000,2190
307.866500,2064
307.867000,1987
307.867500,2150
307.868000,2038
307.868500,2190
307.869000,2064
307.869500,1986
307.870000,2149
307.870500,2038
307.871000,2184
307.871500,2058
307.872000,1980
307.872500,2148
307.873000,2036
307.873500,2189
307.874000,2064
307.874500,1987
307.875000,2151
307.875500,2040
307.876000,2187
307.876500,2060
307.877000,1982
307.877500,2151
307.878000,2042
307.878500,2192
307.879000,2068
307.879500,1991
307.880000,2153
307.880500,2042
307.881000,2190
307.881500,2063
307.882000,1986
307.882500,2151
307.883000,2043
307.883500,2196
307.884000,2074
307.884500,1996
307.885000,2156
307.885500,2045
307.886000,2192
307.886500,2066
307.887000,1990
307.887500,2152
307.888000,2041
307.888500,2194
307.889000,2071
307.889500,1991
307.890000,2151
307.890500,2040
307.891000,2184
307.891500,2057
307.892000,1979
307.892500,2149
307.893000,2037
307.893500,2191
307.894000,2065
307.894500,1989
307.895000,2151
307.895500,2041
307.896000,2188
307.896500,2061
307.897000,1983
307.897500,2152
307.898000,2044
307.898500,2193
307.899000,2069
307.899500,1992
307.900000,2153
307.900500,2042
307.901000,2190
307.901500,2064
307.902000,1988
307.902500,2153
307.903000,2045
307.903500,2196
307.904000,2073
307.904500,1996
307.905000,2155
307.905500,2045
307.906000,2191
307.906500,2065
307.907000,1989
307.907500,2151
307.908000,2039
307.908500,2193
307.909000,2069
307.909500,1990
307.910000,2150
307.910500,2039
307.911000,2185
307.911500,2058
307.912000,1980
307.912500,2148
307.913000,2038
307.913500,2191
307.914000,2067
307.914500,1990
307.915000,2152
307.915500,2041
307.916000,2188
307.916500,2062
307.917000,1983
307.917500,2152
307.918000,2043
307.918500,2193
307.919000,2070
307.919500,1993
307.920000,2153
307.920500,2041
307.921000,2190
307.921500,2063
307.922000,1986
307.922500,2151
307.923000,2041
307.923500,2192
307.924000,2070
307.924500,1993
307.925000,2154
307.925500,2043
307.926000,2191
307.926500,2064
307.927000,1987
307.927500,2151
307.928000,2042
307.928500,2190
307.929000,2064
307.929500,1986
307.930000,2148
307.930500,2038
307.931000,2184
307.931500,2058
307.932000,1979
307.932500,2148
307.933000,2038
307.933500,2189
307.934000,2064
307.934500,1987
307.935000,2150
307.935500,2040
307.936000,2187
307.936500,2061
307.937000,1983
307.937500,2152
