net,class,pads,routed_mm,ideal_mm,ratio,L1,L2,L3,L4,vias
3V0_ANA,EMG_POWER,53,190.76,165.38,1.15,178.0,0.0,0.0,12.7,8
3V3_DIG,EMG_POWER,43,200.16,150.21,1.33,183.0,0.0,17.1,0.0,3
ADC_EMG1,EMG_ADC,3,2.56,2.56,1.0,2.6,0.0,0.0,0.0,0
ADC_EMG2,EMG_ADC,3,1.4,2.98,0.47,1.4,0.0,0.0,0.0,0
ADC_EMG3,EMG_ADC,3,4.69,3.89,1.21,4.7,0.0,0.0,0.0,0
ADC_EMG4,EMG_ADC,3,3.61,3.37,1.07,3.6,0.0,0.0,0.0,0
ADC_EMG5,EMG_ADC,3,6.13,4.16,1.48,6.1,0.0,0.0,0.0,0
AFE_EN,EMG_CONTROL,3,3.68,40.02,0.09,3.7,0.0,0.0,0.0,0
BAT_TEMP,EMG_CONTROL,5,5.26,17.68,0.3,5.3,0.0,0.0,0.0,0
DRL_AMP_OUT,,4,35.73,12.81,2.79,0.0,0.0,0.0,35.7,0
DRL_LIMITED,,2,16.43,10.38,1.58,0.0,0.0,0.0,16.4,0
DRL_LIMIT_MID,,2,2.74,2.31,1.19,0.0,0.0,0.0,2.7,0
DRL_SUM,,18,84.58,39.12,2.16,0.0,0.0,0.0,84.6,0
FG_ALRT,EMG_CONTROL,3,1.16,52.02,0.02,1.2,0.0,0.0,0.0,0
I2C_SCL,EMG_CONTROL,3,0.98,44.94,0.02,1.0,0.0,0.0,0.0,0
I2C_SDA,EMG_CONTROL,3,1.35,44.39,0.03,1.3,0.0,0.0,0.0,0
INA_OUT_1,EMG_ANALOG,4,26.53,10.77,2.46,17.6,0.0,8.9,0.0,2
INA_OUT_2,EMG_ANALOG,4,4.94,11.27,0.44,4.9,0.0,0.0,0.0,0
INA_OUT_3,EMG_ANALOG,4,35.15,11.7,3.0,25.8,0.0,9.3,0.0,2
INA_OUT_4,EMG_ANALOG,4,17.18,10.05,1.71,17.2,0.0,0.0,0.0,0
INA_OUT_5,EMG_ANALOG,4,18.09,11.6,1.56,18.1,0.0,0.0,0.0,0
KILL_CTRL,EMG_CONTROL,3,5.32,4.45,1.2,5.3,0.0,0.0,0.0,0
MCU_BOOT0,EMG_CONTROL,3,50.24,31.99,1.57,50.2,0.0,0.0,0.0,0
MCU_NRST,EMG_CONTROL,4,57.06,28.3,2.02,19.4,0.0,37.7,0.0,1
MCU_PWR_INT_N,EMG_CONTROL,3,1.9,38.58,0.05,1.9,0.0,0.0,0.0,0
MCU_SHUTDOWN,EMG_CONTROL,2,0,28.94,0.0,0.0,0.0,0.0,0.0,0
MCU_SPI_MISO,EMG_SPI,2,0,32.94,0.0,0.0,0.0,0.0,0.0,0
MCU_SPI_MOSI,EMG_SPI,2,0,2.33,0.0,0.0,0.0,0.0,0.0,0
MCU_SPI_SCK,EMG_SPI,2,0,2.0,0.0,0.0,0.0,0.0,0.0,0
MCU_SWCLK,EMG_CONTROL,2,9.98,9.14,1.09,10.0,0.0,0.0,0.0,0
MCU_SWDIO,EMG_CONTROL,2,0,8.04,0.0,0.0,0.0,0.0,0.0,0
MCU_VCAP,EMG_CONTROL,2,1.64,1.53,1.07,1.6,0.0,0.0,0.0,0
MCU_WIFI_CS,EMG_SPI,2,0,2.25,0.0,0.0,0.0,0.0,0.0,0
MCU_WIFI_UART_RX,EMG_CONTROL,2,18.59,13.99,1.33,14.0,0.0,4.6,0.0,2
MCU_WIFI_UART_TX,EMG_CONTROL,2,14.67,10.65,1.38,13.3,0.0,1.4,0.0,2
NetC1_EN1_2,EMG_CONTROL,3,1.96,1.84,1.07,2.0,0.0,0.0,0.0,0
NetC2_EN1_1,EMG_CONTROL,2,4.39,1.41,3.13,4.4,0.0,0.0,0.0,0
NetC3_EN1_2,EMG_CONTROL,2,1.3,1.29,1.01,1.3,0.0,0.0,0.0,0
NetCH_1_2,EMG_ANALOG,4,4.31,4.37,0.99,4.3,0.0,0.0,0.0,0
NetCH_2_2,EMG_ANALOG,4,9.88,4.37,2.26,9.9,0.0,0.0,0.0,0
NetCH_3_2,EMG_ANALOG,4,4.51,4.09,1.1,4.5,0.0,0.0,0.0,0
NetCH_4_2,EMG_ANALOG,4,2.75,4.37,0.63,2.8,0.0,0.0,0.0,0
NetCH_5_2,EMG_ANALOG,4,9.15,4.37,2.09,9.1,0.0,0.0,0.0,0
NetCL_1_1,EMG_ANALOG,2,4.75,3.3,1.44,4.7,0.0,0.0,0.0,0
NetCL_2_1,EMG_ANALOG,2,4.71,3.3,1.42,4.7,0.0,0.0,0.0,0
NetCL_3_1,EMG_ANALOG,2,5.72,3.25,1.76,5.7,0.0,0.0,0.0,0
NetCL_4_1,EMG_ANALOG,2,5.62,3.3,1.7,5.6,0.0,0.0,0.0,0
NetCL_5_1,EMG_ANALOG,2,1.75,1.64,1.07,1.8,0.0,0.0,0.0,0
NetCUP4_FB_1,EMG_CONTROL,4,6.05,3.49,1.73,6.1,0.0,0.0,0.0,0
NetC_WIFI_X32_IN_2,EMG_CRYSTAL,3,3.14,3.14,1.0,3.1,0.0,0.0,0.0,0
NetC_WIFI_X32_OUT_2,EMG_CRYSTAL,3,3.14,3.14,1.0,3.1,0.0,0.0,0.0,0
NetCservo_1_1,EMG_ANALOG,3,3.38,3.42,0.99,3.4,0.0,0.0,0.0,0
NetCservo_2_1,EMG_ANALOG,3,3.52,3.42,1.03,3.5,0.0,0.0,0.0,0
NetCservo_3_1,EMG_ANALOG,3,3.52,3.42,1.03,3.5,0.0,0.0,0.0,0
NetCservo_4_1,EMG_ANALOG,3,8.56,4.61,1.86,8.6,0.0,0.0,0.0,0
NetCservo_5_1,EMG_ANALOG,3,3.52,3.42,1.03,3.5,0.0,0.0,0.0,0
NetD_CC_ESD_1,EMG_CONTROL,3,18.69,6.79,2.75,18.7,0.0,0.0,0.0,0
NetD_CC_ESD_2,EMG_CONTROL,3,18.29,8.37,2.18,18.3,0.0,0.0,0.0,0
NetINA1_2,EMG_ANALOG,2,14.88,6.68,2.23,14.9,0.0,0.0,0.0,0
NetINA1_3,EMG_ANALOG,3,9.18,7.86,1.17,9.2,0.0,0.0,0.0,0
NetINA1_7,EMG_ANALOG,3,3.47,2.38,1.46,3.5,0.0,0.0,0.0,0
NetINA2_2,EMG_ANALOG,2,10.82,6.68,1.62,3.3,0.0,7.5,0.0,2
NetINA2_3,EMG_ANALOG,3,9.34,7.86,1.19,9.3,0.0,0.0,0.0,0
NetINA2_7,EMG_ANALOG,3,2.65,2.38,1.12,2.7,0.0,0.0,0.0,0
NetINA3_2,EMG_ANALOG,2,13.46,6.68,2.01,6.5,0.0,6.9,0.0,2
NetINA3_3,EMG_ANALOG,3,10.67,7.86,1.36,10.7,0.0,0.0,0.0,0
NetINA3_7,EMG_ANALOG,3,2.98,2.38,1.25,3.0,0.0,0.0,0.0,0
NetINA4_2,EMG_ANALOG,2,11.43,6.68,1.71,3.8,0.0,7.7,0.0,2
NetINA4_3,EMG_ANALOG,3,10.06,7.86,1.28,10.1,0.0,0.0,0.0,0
NetINA4_7,EMG_ANALOG,3,3.43,3.1,1.11,3.4,0.0,0.0,0.0,0
NetINA5_2,EMG_ANALOG,2,12.81,6.28,2.04,6.9,0.0,5.9,0.0,2
NetINA5_3,EMG_ANALOG,3,10.63,7.47,1.42,7.2,0.0,3.5,0.0,2
NetINA5_7,EMG_ANALOG,3,3.47,2.38,1.46,3.5,0.0,0.0,0.0,0
NetJP_WIFI_BOOT_1,EMG_CONTROL,2,6.17,5.76,1.07,6.2,0.0,0.0,0.0,0
NetJ_FPC1_8,EMG_REFERENCE,2,29.97,21.06,1.42,6.1,0.0,23.9,0.0,2
NetJ_FPC2_8,EMG_REFERENCE,2,30.49,20.82,1.46,4.2,0.0,26.3,0.0,2
NetJ_FPC3_8,EMG_REFERENCE,2,40.24,25.02,1.61,6.3,0.0,34.0,0.0,2
NetJ_FPC4_8,EMG_REFERENCE,2,54.05,32.06,1.69,10.1,0.0,44.0,0.0,2
NetJ_FPC5_8,EMG_REFERENCE,2,56.09,41.42,1.35,5.8,0.0,50.3,0.0,2
NetJ_REF_1,EMG_ANALOG,4,8.38,6.93,1.21,2.8,0.0,0.0,5.6,0
NetL1_1,EMG_SWITCH,2,1.69,1.56,1.08,1.7,0.0,0.0,0.0,0
NetL1_2,EMG_SWITCH,2,1.69,1.56,1.08,1.7,0.0,0.0,0.0,0
NetLED_CHG_A,EMG_CONTROL,2,3.71,2.4,1.54,3.7,0.0,0.0,0.0,0
NetLED_CHG_C,EMG_CONTROL,2,0,10.23,0.0,0.0,0.0,0.0,0.0,0
NetPWR_BTN_N_A,EMG_CONTROL,3,9.65,8.85,1.09,9.7,0.0,0.0,0.0,0
NetQ_SHDN_1,EMG_CONTROL,3,1.52,2.98,0.51,1.5,0.0,0.0,0.0,0
NetRISET_1,EMG_CONTROL,2,0,5.23,0.0,0.0,0.0,0.0,0.0,0
NetR_EN1_BIAS_2,EMG_CONTROL,2,1.19,1.13,1.05,1.2,0.0,0.0,0.0,0
NetR_LIM_2,EMG_CONTROL,2,1.51,1.23,1.22,1.5,0.0,0.0,0.0,0
NetR_TMR_2,EMG_CONTROL,2,0,4.48,0.0,0.0,0.0,0.0,0.0,0
SYS_EN,EMG_CONTROL,4,21.37,13.76,1.55,9.0,0.0,12.3,0.0,4
TS,EMG_CONTROL,2,0,2.82,0.0,0.0,0.0,0.0,0.0,0
USB_PGOOD_N,EMG_CONTROL,3,0,52.31,0.0,0.0,0.0,0.0,0.0,0
VBAT_CELL,EMG_POWER,8,18.62,16.03,1.16,18.6,0.0,0.0,0.0,0
VBUS,EMG_POWER,8,36.75,21.59,1.7,15.6,0.0,21.2,0.0,2
VDiv,EMG_REFERENCE,6,12.62,7.31,1.73,12.6,0.0,0.0,0.0,0
VOUT_1,EMG_ADC,5,48.47,42.83,1.13,48.5,0.0,0.0,0.0,0
VOUT_2,EMG_ADC,5,32.29,27.66,1.17,9.8,0.0,22.5,0.0,2
VOUT_3,EMG_ADC,5,2.75,18.54,0.15,2.8,0.0,0.0,0.0,0
VOUT_4,EMG_ADC,5,12.0,10.14,1.18,12.0,0.0,0.0,0.0,0
VOUT_5,EMG_ADC,5,3.85,9.48,0.41,3.8,0.0,0.0,0.0,0
VREF_A,EMG_REFERENCE,18,92.15,69.99,1.32,67.9,0.0,24.2,0.0,4
VREF_B_SRC,EMG_REFERENCE,10,67.6,30.74,2.2,41.1,0.0,0.0,26.5,2
VSYS,EMG_POWER,14,32.14,40.92,0.79,32.1,0.0,0.0,0.0,0
Va_1,EMG_ANALOG,3,8.12,19.81,0.41,8.1,0.0,0.0,0.0,0
Va_2,EMG_ANALOG,3,8.12,27.14,0.3,8.1,0.0,0.0,0.0,0
Va_3,EMG_ANALOG,3,8.12,35.85,0.23,8.1,0.0,0.0,0.0,0
Va_4,EMG_ANALOG,3,8.12,45.02,0.18,8.1,0.0,0.0,0.0,0
Va_5,EMG_ANALOG,3,7.72,54.05,0.14,7.7,0.0,0.0,0.0,0
Vb_1,EMG_ANALOG,3,5.9,20.23,0.29,5.9,0.0,0.0,0.0,0
Vb_2,EMG_ANALOG,3,5.9,27.25,0.22,5.9,0.0,0.0,0.0,0
Vb_3,EMG_ANALOG,3,5.9,35.74,0.17,5.9,0.0,0.0,0.0,0
Vb_4,EMG_ANALOG,3,5.9,44.77,0.13,5.9,0.0,0.0,0.0,0
Vb_5,EMG_ANALOG,3,5.5,53.67,0.1,5.5,0.0,0.0,0.0,0
Vc_1,EMG_ANALOG,3,31.13,25.4,1.23,7.9,0.0,13.5,9.8,3
Vc_2,EMG_ANALOG,3,39.29,32.76,1.2,18.5,0.0,0.0,20.8,2
Vc_3,EMG_ANALOG,3,49.64,40.56,1.22,18.8,0.0,0.0,30.8,2
Vc_4,EMG_ANALOG,3,65.98,49.18,1.34,8.2,0.0,14.6,43.2,3
Vc_5,EMG_ANALOG,3,16.8,57.94,0.29,16.8,0.0,0.0,0.0,1
Vservo_1,EMG_ANALOG,3,17.27,9.37,1.84,17.3,0.0,0.0,0.0,0
Vservo_2,EMG_ANALOG,3,8.25,9.14,0.9,8.2,0.0,0.0,0.0,0
Vservo_3,EMG_ANALOG,3,8.54,11.75,0.73,8.5,0.0,0.0,0.0,0
Vservo_4,EMG_ANALOG,3,9.45,7.18,1.32,9.4,0.0,0.0,0.0,0
Vservo_5,EMG_ANALOG,3,18.2,11.02,1.65,5.3,0.0,12.9,0.0,2
WIFI_BOOT,EMG_CONTROL,5,63.32,62.03,1.02,11.0,0.0,52.3,0.0,1
WIFI_CHIP_EN,EMG_CONTROL,5,73.59,46.73,1.57,73.6,0.0,0.0,0.0,0
WIFI_SPI_CLK,EMG_SPI,2,0,30.17,0.0,0.0,0.0,0.0,0.0,0
WIFI_SPI_CS,EMG_SPI,3,8.36,29.69,0.28,2.7,0.0,5.6,0.0,2
WIFI_SPI_MISO,EMG_SPI,2,0,6.24,0.0,0.0,0.0,0.0,0.0,0
WIFI_SPI_MOSI,EMG_SPI,2,0,30.25,0.0,0.0,0.0,0.0,0.0,0
WIFI_SPI_RDY,EMG_CONTROL,2,0,14.55,0.0,0.0,0.0,0.0,0.0,0
WIFI_UART_RX,EMG_CONTROL,3,48.53,36.53,1.33,7.9,0.0,40.6,0.0,1
WIFI_UART_TX,EMG_CONTROL,3,49.41,37.61,1.31,9.4,0.0,40.0,0.0,1
WIFI_X32_RAW_IN,EMG_CRYSTAL,2,0.98,0.98,1.0,1.0,0.0,0.0,0.0,0
WIFI_X32_RAW_OUT,EMG_CRYSTAL,2,0.98,0.98,1.0,1.0,0.0,0.0,0.0,0
