kind,group,net,layer,x1,y1,x2,y2,w,d,h
VIA,STITCH0,GND,Multi Layer,71.076,13.535,,,,0.6,0.3
VIA,STITCH1,GND,Multi Layer,77.5,10.85,,,,0.6,0.3
VIA,STITCH2,GND,Multi Layer,58.076,13.535,,,,0.6,0.3
VIA,STITCH3,GND,Multi Layer,64.5,10.85,,,,0.6,0.3
VIA,STITCH4,GND,Multi Layer,45.076,13.535,,,,0.6,0.3
VIA,STITCH5,GND,Multi Layer,51.5,10.85,,,,0.6,0.3
VIA,STITCH6,GND,Multi Layer,32.076,13.535,,,,0.6,0.3
VIA,STITCH7,GND,Multi Layer,38.5,10.85,,,,0.6,0.3
VIA,STITCH8,GND,Multi Layer,19.076,13.535,,,,0.6,0.3
VIA,STITCH9,GND,Multi Layer,25.5,10.85,,,,0.6,0.3
VIA,STITCH10,GND,Multi Layer,12.05,13.3,,,,0.6,0.3
VIA,STITCH11,GND,Multi Layer,14.55,13.3,,,,0.6,0.3
VIA,STITCH12,GND,Multi Layer,17.05,13.3,,,,0.6,0.3
VIA,STITCH13,GND,Multi Layer,27.05,13.3,,,,0.6,0.3
VIA,STITCH14,GND,Multi Layer,29.55,13.3,,,,0.6,0.3
VIA,STITCH15,GND,Multi Layer,39.55,13.3,,,,0.6,0.3
VIA,STITCH16,GND,Multi Layer,42.05,13.3,,,,0.6,0.3
VIA,STITCH17,GND,Multi Layer,54.55,13.3,,,,0.6,0.3
VIA,STITCH18,GND,Multi Layer,67.05,13.3,,,,0.6,0.3
VIA,STITCH19,GND,Multi Layer,69.55,13.3,,,,0.6,0.3
VIA,STITCH20,GND,Multi Layer,79.55,13.3,,,,0.6,0.3
VIA,STITCH21,GND,Multi Layer,82.05,13.3,,,,0.6,0.3
VIA,STITCH22,GND,Multi Layer,84.55,13.3,,,,0.6,0.3
VIA,STITCH23,GND,Multi Layer,87.05,13.3,,,,0.6,0.3
VIA,STITCH24,GND,Multi Layer,13.3,15.8,,,,0.6,0.3
VIA,STITCH25,GND,Multi Layer,15.8,15.8,,,,0.6,0.3
VIA,STITCH26,GND,Multi Layer,18.3,15.8,,,,0.6,0.3
VIA,STITCH27,GND,Multi Layer,30.8,15.8,,,,0.6,0.3
VIA,STITCH28,GND,Multi Layer,43.3,15.8,,,,0.6,0.3
VIA,STITCH29,GND,Multi Layer,45.8,15.8,,,,0.6,0.3
VIA,STITCH30,GND,Multi Layer,50.8,15.8,,,,0.6,0.3
VIA,STITCH31,GND,Multi Layer,55.8,15.8,,,,0.6,0.3
VIA,STITCH32,GND,Multi Layer,58.3,15.8,,,,0.6,0.3
VIA,STITCH33,GND,Multi Layer,63.3,15.8,,,,0.6,0.3
VIA,STITCH34,GND,Multi Layer,68.3,15.8,,,,0.6,0.3
VIA,STITCH35,GND,Multi Layer,70.8,15.8,,,,0.6,0.3
VIA,STITCH36,GND,Multi Layer,80.8,15.8,,,,0.6,0.3
VIA,STITCH37,GND,Multi Layer,83.3,15.8,,,,0.6,0.3
VIA,STITCH38,GND,Multi Layer,85.8,15.8,,,,0.6,0.3
VIA,STITCH39,GND,Multi Layer,88.3,15.8,,,,0.6,0.3
VIA,STITCH40,GND,Multi Layer,17.05,18.3,,,,0.6,0.3
VIA,STITCH41,GND,Multi Layer,19.55,18.3,,,,0.6,0.3
VIA,STITCH42,GND,Multi Layer,22.05,18.3,,,,0.6,0.3
VIA,STITCH43,GND,Multi Layer,24.55,18.3,,,,0.6,0.3
VIA,STITCH44,GND,Multi Layer,29.55,18.3,,,,0.6,0.3
VIA,STITCH45,GND,Multi Layer,32.05,18.3,,,,0.6,0.3
VIA,STITCH46,GND,Multi Layer,34.55,18.3,,,,0.6,0.3
VIA,STITCH47,GND,Multi Layer,37.05,18.3,,,,0.6,0.3
VIA,STITCH48,GND,Multi Layer,44.55,18.3,,,,0.6,0.3
VIA,STITCH49,GND,Multi Layer,47.05,18.3,,,,0.6,0.3
VIA,STITCH50,GND,Multi Layer,49.55,18.3,,,,0.6,0.3
VIA,STITCH51,GND,Multi Layer,52.05,18.3,,,,0.6,0.3
VIA,STITCH52,GND,Multi Layer,57.05,18.3,,,,0.6,0.3
VIA,STITCH53,GND,Multi Layer,59.55,18.3,,,,0.6,0.3
VIA,STITCH54,GND,Multi Layer,62.05,18.3,,,,0.6,0.3
VIA,STITCH55,GND,Multi Layer,64.55,18.3,,,,0.6,0.3
VIA,STITCH56,GND,Multi Layer,69.55,18.3,,,,0.6,0.3
VIA,STITCH57,GND,Multi Layer,72.05,18.3,,,,0.6,0.3
VIA,STITCH58,GND,Multi Layer,74.55,18.3,,,,0.6,0.3
VIA,STITCH59,GND,Multi Layer,77.05,18.3,,,,0.6,0.3
VIA,STITCH60,GND,Multi Layer,87.05,18.3,,,,0.6,0.3
VIA,STITCH61,GND,Multi Layer,18.3,20.8,,,,0.6,0.3
VIA,STITCH62,GND,Multi Layer,28.3,20.8,,,,0.6,0.3
VIA,STITCH63,GND,Multi Layer,30.8,20.8,,,,0.6,0.3
VIA,STITCH64,GND,Multi Layer,40.8,20.8,,,,0.6,0.3
VIA,STITCH65,GND,Multi Layer,43.3,20.8,,,,0.6,0.3
VIA,STITCH66,GND,Multi Layer,45.8,20.8,,,,0.6,0.3
VIA,STITCH67,GND,Multi Layer,53.3,20.8,,,,0.6,0.3
VIA,STITCH68,GND,Multi Layer,55.8,20.8,,,,0.6,0.3
VIA,STITCH69,GND,Multi Layer,65.8,20.8,,,,0.6,0.3
VIA,STITCH70,GND,Multi Layer,78.3,20.8,,,,0.6,0.3
VIA,STITCH71,GND,Multi Layer,80.8,20.8,,,,0.6,0.3
VIA,STITCH72,GND,Multi Layer,83.3,20.8,,,,0.6,0.3
VIA,STITCH73,GND,Multi Layer,88.3,20.8,,,,0.6,0.3
VIA,STITCH74,GND,Multi Layer,12.05,23.3,,,,0.6,0.3
VIA,STITCH75,GND,Multi Layer,29.55,23.3,,,,0.6,0.3
VIA,STITCH76,GND,Multi Layer,32.05,23.3,,,,0.6,0.3
VIA,STITCH77,GND,Multi Layer,34.55,23.3,,,,0.6,0.3
VIA,STITCH78,GND,Multi Layer,39.55,23.3,,,,0.6,0.3
VIA,STITCH79,GND,Multi Layer,42.05,23.3,,,,0.6,0.3
VIA,STITCH80,GND,Multi Layer,44.55,23.3,,,,0.6,0.3
VIA,STITCH81,GND,Multi Layer,54.55,23.3,,,,0.6,0.3
VIA,STITCH82,GND,Multi Layer,64.55,23.3,,,,0.6,0.3
VIA,STITCH83,GND,Multi Layer,72.05,23.3,,,,0.6,0.3
VIA,STITCH84,GND,Multi Layer,74.55,23.3,,,,0.6,0.3
VIA,STITCH85,GND,Multi Layer,77.05,23.3,,,,0.6,0.3
VIA,STITCH86,GND,Multi Layer,82.05,23.3,,,,0.6,0.3
VIA,STITCH87,GND,Multi Layer,84.55,23.3,,,,0.6,0.3
VIA,STITCH88,GND,Multi Layer,40.8,25.8,,,,0.6,0.3
VIA,STITCH89,GND,Multi Layer,48.3,25.8,,,,0.6,0.3
VIA,STITCH90,GND,Multi Layer,50.8,25.8,,,,0.6,0.3
VIA,STITCH91,GND,Multi Layer,53.3,25.8,,,,0.6,0.3
VIA,STITCH92,GND,Multi Layer,55.8,25.8,,,,0.6,0.3
VIA,STITCH93,GND,Multi Layer,63.3,25.8,,,,0.6,0.3
VIA,STITCH94,GND,Multi Layer,73.3,25.8,,,,0.6,0.3
VIA,STITCH95,GND,Multi Layer,75.8,25.8,,,,0.6,0.3
VIA,STITCH96,GND,Multi Layer,78.3,25.8,,,,0.6,0.3
VIA,STITCH97,GND,Multi Layer,80.8,25.8,,,,0.6,0.3
VIA,STITCH98,GND,Multi Layer,83.3,25.8,,,,0.6,0.3
VIA,STITCH99,GND,Multi Layer,88.3,25.8,,,,0.6,0.3
VIA,STITCH100,GND,Multi Layer,12.05,28.3,,,,0.6,0.3
VIA,STITCH101,GND,Multi Layer,14.55,28.3,,,,0.6,0.3
VIA,STITCH102,GND,Multi Layer,24.55,28.3,,,,0.6,0.3
VIA,STITCH103,GND,Multi Layer,29.55,28.3,,,,0.6,0.3
VIA,STITCH104,GND,Multi Layer,42.05,28.3,,,,0.6,0.3
VIA,STITCH105,GND,Multi Layer,52.05,28.3,,,,0.6,0.3
VIA,STITCH106,GND,Multi Layer,59.55,28.3,,,,0.6,0.3
VIA,STITCH107,GND,Multi Layer,62.05,28.3,,,,0.6,0.3
VIA,STITCH108,GND,Multi Layer,72.05,28.3,,,,0.6,0.3
VIA,STITCH109,GND,Multi Layer,77.05,28.3,,,,0.6,0.3
VIA,STITCH110,GND,Multi Layer,79.55,28.3,,,,0.6,0.3
VIA,STITCH111,GND,Multi Layer,82.05,28.3,,,,0.6,0.3
VIA,STITCH112,GND,Multi Layer,84.55,28.3,,,,0.6,0.3
VIA,STITCH113,GND,Multi Layer,13.3,30.8,,,,0.6,0.3
VIA,STITCH114,GND,Multi Layer,38.3,30.8,,,,0.6,0.3
VIA,STITCH115,GND,Multi Layer,40.8,30.8,,,,0.6,0.3
VIA,STITCH116,GND,Multi Layer,43.3,30.8,,,,0.6,0.3
VIA,STITCH117,GND,Multi Layer,45.8,30.8,,,,0.6,0.3
VIA,STITCH118,GND,Multi Layer,48.3,30.8,,,,0.6,0.3
VIA,STITCH119,GND,Multi Layer,50.8,30.8,,,,0.6,0.3
VIA,STITCH120,GND,Multi Layer,53.3,30.8,,,,0.6,0.3
VIA,STITCH121,GND,Multi Layer,55.8,30.8,,,,0.6,0.3
VIA,STITCH122,GND,Multi Layer,58.3,30.8,,,,0.6,0.3
VIA,STITCH123,GND,Multi Layer,63.3,30.8,,,,0.6,0.3
VIA,STITCH124,GND,Multi Layer,80.8,30.8,,,,0.6,0.3
VIA,STITCH125,GND,Multi Layer,83.3,30.8,,,,0.6,0.3
VIA,STITCH126,GND,Multi Layer,88.3,30.8,,,,0.6,0.3
VIA,STITCH127,GND,Multi Layer,14.55,33.3,,,,0.6,0.3
VIA,STITCH128,GND,Multi Layer,19.55,33.3,,,,0.6,0.3
VIA,STITCH129,GND,Multi Layer,22.05,33.3,,,,0.6,0.3
VIA,STITCH130,GND,Multi Layer,24.55,33.3,,,,0.6,0.3
VIA,STITCH131,GND,Multi Layer,27.05,33.3,,,,0.6,0.3
VIA,STITCH132,GND,Multi Layer,29.55,33.3,,,,0.6,0.3
VIA,STITCH133,GND,Multi Layer,32.05,33.3,,,,0.6,0.3
VIA,STITCH134,GND,Multi Layer,42.05,33.3,,,,0.6,0.3
VIA,STITCH135,GND,Multi Layer,44.55,33.3,,,,0.6,0.3
VIA,STITCH136,GND,Multi Layer,47.05,33.3,,,,0.6,0.3
VIA,STITCH137,GND,Multi Layer,49.55,33.3,,,,0.6,0.3
VIA,STITCH138,GND,Multi Layer,52.05,33.3,,,,0.6,0.3
VIA,STITCH139,GND,Multi Layer,54.55,33.3,,,,0.6,0.3
VIA,STITCH140,GND,Multi Layer,57.05,33.3,,,,0.6,0.3
VIA,STITCH141,GND,Multi Layer,67.05,33.3,,,,0.6,0.3
VIA,STITCH142,GND,Multi Layer,69.55,33.3,,,,0.6,0.3
VIA,STITCH143,GND,Multi Layer,72.05,33.3,,,,0.6,0.3
VIA,STITCH144,GND,Multi Layer,74.55,33.3,,,,0.6,0.3
VIA,STITCH145,GND,Multi Layer,82.05,33.3,,,,0.6,0.3
VIA,STITCH146,GND,Multi Layer,84.55,33.3,,,,0.6,0.3
VIA,STITCH147,GND,Multi Layer,87.05,33.3,,,,0.6,0.3
VIA,STITCH148,GND,Multi Layer,13.3,35.8,,,,0.6,0.3
VIA,STITCH149,GND,Multi Layer,15.8,35.8,,,,0.6,0.3
VIA,STITCH150,GND,Multi Layer,18.3,35.8,,,,0.6,0.3
VIA,STITCH151,GND,Multi Layer,20.8,35.8,,,,0.6,0.3
VIA,STITCH152,GND,Multi Layer,23.3,35.8,,,,0.6,0.3
VIA,STITCH153,GND,Multi Layer,28.3,35.8,,,,0.6,0.3
VIA,STITCH154,GND,Multi Layer,30.8,35.8,,,,0.6,0.3
VIA,STITCH155,GND,Multi Layer,33.3,35.8,,,,0.6,0.3
VIA,STITCH156,GND,Multi Layer,43.3,35.8,,,,0.6,0.3
VIA,STITCH157,GND,Multi Layer,45.8,35.8,,,,0.6,0.3
VIA,STITCH158,GND,Multi Layer,48.3,35.8,,,,0.6,0.3
VIA,STITCH159,GND,Multi Layer,50.8,35.8,,,,0.6,0.3
VIA,STITCH160,GND,Multi Layer,53.3,35.8,,,,0.6,0.3
VIA,STITCH161,GND,Multi Layer,55.8,35.8,,,,0.6,0.3
VIA,STITCH162,GND,Multi Layer,65.8,35.8,,,,0.6,0.3
VIA,STITCH163,GND,Multi Layer,68.3,35.8,,,,0.6,0.3
VIA,STITCH164,GND,Multi Layer,70.8,35.8,,,,0.6,0.3
VIA,STITCH165,GND,Multi Layer,73.3,35.8,,,,0.6,0.3
VIA,STITCH166,GND,Multi Layer,75.8,35.8,,,,0.6,0.3
VIA,STITCH167,GND,Multi Layer,80.8,35.8,,,,0.6,0.3
VIA,STITCH168,GND,Multi Layer,83.3,35.8,,,,0.6,0.3
VIA,STITCH169,GND,Multi Layer,85.8,35.8,,,,0.6,0.3
VIA,STITCH170,GND,Multi Layer,88.3,35.8,,,,0.6,0.3
VIA,STITCH171,GND,Multi Layer,17.05,38.3,,,,0.6,0.3
VIA,STITCH172,GND,Multi Layer,27.05,38.3,,,,0.6,0.3
VIA,STITCH173,GND,Multi Layer,34.55,38.3,,,,0.6,0.3
VIA,STITCH174,GND,Multi Layer,37.05,38.3,,,,0.6,0.3
VIA,STITCH175,GND,Multi Layer,39.55,38.3,,,,0.6,0.3
VIA,STITCH176,GND,Multi Layer,42.05,38.3,,,,0.6,0.3
VIA,STITCH177,GND,Multi Layer,44.55,38.3,,,,0.6,0.3
VIA,STITCH178,GND,Multi Layer,47.05,38.3,,,,0.6,0.3
VIA,STITCH179,GND,Multi Layer,54.55,38.3,,,,0.6,0.3
VIA,STITCH180,GND,Multi Layer,57.05,38.3,,,,0.6,0.3
VIA,STITCH181,GND,Multi Layer,67.05,38.3,,,,0.6,0.3
VIA,STITCH182,GND,Multi Layer,69.55,38.3,,,,0.6,0.3
VIA,STITCH183,GND,Multi Layer,72.05,38.3,,,,0.6,0.3
VIA,STITCH184,GND,Multi Layer,74.55,38.3,,,,0.6,0.3
VIA,STITCH185,GND,Multi Layer,77.05,38.3,,,,0.6,0.3
VIA,STITCH186,GND,Multi Layer,82.05,38.3,,,,0.6,0.3
VIA,STITCH187,GND,Multi Layer,84.55,38.3,,,,0.6,0.3
VIA,STITCH188,GND,Multi Layer,13.3,40.8,,,,0.6,0.3
VIA,STITCH189,GND,Multi Layer,15.8,40.8,,,,0.6,0.3
VIA,STITCH190,GND,Multi Layer,20.8,40.8,,,,0.6,0.3
VIA,STITCH191,GND,Multi Layer,25.8,40.8,,,,0.6,0.3
VIA,STITCH192,GND,Multi Layer,28.3,40.8,,,,0.6,0.3
VIA,STITCH193,GND,Multi Layer,30.8,40.8,,,,0.6,0.3
VIA,STITCH194,GND,Multi Layer,33.3,40.8,,,,0.6,0.3
VIA,STITCH195,GND,Multi Layer,35.8,40.8,,,,0.6,0.3
VIA,STITCH196,GND,Multi Layer,38.3,40.8,,,,0.6,0.3
VIA,STITCH197,GND,Multi Layer,40.8,40.8,,,,0.6,0.3
VIA,STITCH198,GND,Multi Layer,48.3,40.8,,,,0.6,0.3
VIA,STITCH199,GND,Multi Layer,58.3,40.8,,,,0.6,0.3
VIA,STITCH200,GND,Multi Layer,65.8,40.8,,,,0.6,0.3
VIA,STITCH201,GND,Multi Layer,68.3,40.8,,,,0.6,0.3
VIA,STITCH202,GND,Multi Layer,70.8,40.8,,,,0.6,0.3
VIA,STITCH203,GND,Multi Layer,73.3,40.8,,,,0.6,0.3
VIA,STITCH204,GND,Multi Layer,75.8,40.8,,,,0.6,0.3
VIA,STITCH205,GND,Multi Layer,80.8,40.8,,,,0.6,0.3
VIA,STITCH206,GND,Multi Layer,83.3,40.8,,,,0.6,0.3
VIA,STITCH207,GND,Multi Layer,88.3,40.8,,,,0.6,0.3
VIA,STITCH208,GND,Multi Layer,14.55,43.3,,,,0.6,0.3
VIA,STITCH209,GND,Multi Layer,27.05,43.3,,,,0.6,0.3
VIA,STITCH210,GND,Multi Layer,29.55,43.3,,,,0.6,0.3
VIA,STITCH211,GND,Multi Layer,39.55,43.3,,,,0.6,0.3
VIA,STITCH212,GND,Multi Layer,42.05,43.3,,,,0.6,0.3
VIA,STITCH213,GND,Multi Layer,57.05,43.3,,,,0.6,0.3
VIA,STITCH214,GND,Multi Layer,59.55,43.3,,,,0.6,0.3
VIA,STITCH215,GND,Multi Layer,67.05,43.3,,,,0.6,0.3
VIA,STITCH216,GND,Multi Layer,69.55,43.3,,,,0.6,0.3
VIA,STITCH217,GND,Multi Layer,72.05,43.3,,,,0.6,0.3
VIA,STITCH218,GND,Multi Layer,74.55,43.3,,,,0.6,0.3
VIA,STITCH219,GND,Multi Layer,77.05,43.3,,,,0.6,0.3
VIA,STITCH220,GND,Multi Layer,82.05,43.3,,,,0.6,0.3
VIA,STITCH221,GND,Multi Layer,13.3,45.8,,,,0.6,0.3
VIA,STITCH222,GND,Multi Layer,15.8,45.8,,,,0.6,0.3
VIA,STITCH223,GND,Multi Layer,28.3,45.8,,,,0.6,0.3
VIA,STITCH224,GND,Multi Layer,38.3,45.8,,,,0.6,0.3
VIA,STITCH225,GND,Multi Layer,40.8,45.8,,,,0.6,0.3
VIA,STITCH226,GND,Multi Layer,43.3,45.8,,,,0.6,0.3
VIA,STITCH227,GND,Multi Layer,45.8,45.8,,,,0.6,0.3
VIA,STITCH228,GND,Multi Layer,58.3,45.8,,,,0.6,0.3
VIA,STITCH229,GND,Multi Layer,68.3,45.8,,,,0.6,0.3
VIA,STITCH230,GND,Multi Layer,70.8,45.8,,,,0.6,0.3
VIA,STITCH231,GND,Multi Layer,73.3,45.8,,,,0.6,0.3
VIA,STITCH232,GND,Multi Layer,75.8,45.8,,,,0.6,0.3
VIA,STITCH233,GND,Multi Layer,83.3,45.8,,,,0.6,0.3
VIA,STITCH234,GND,Multi Layer,88.3,45.8,,,,0.6,0.3
VIA,STITCH235,GND,Multi Layer,12.05,48.3,,,,0.6,0.3
VIA,STITCH236,GND,Multi Layer,14.55,48.3,,,,0.6,0.3
VIA,STITCH237,GND,Multi Layer,29.55,48.3,,,,0.6,0.3
VIA,STITCH238,GND,Multi Layer,32.05,48.3,,,,0.6,0.3
VIA,STITCH239,GND,Multi Layer,39.55,48.3,,,,0.6,0.3
VIA,STITCH240,GND,Multi Layer,54.55,48.3,,,,0.6,0.3
VIA,STITCH241,GND,Multi Layer,57.05,48.3,,,,0.6,0.3
VIA,STITCH242,GND,Multi Layer,62.05,48.3,,,,0.6,0.3
VIA,STITCH243,GND,Multi Layer,79.55,48.3,,,,0.6,0.3
VIA,STITCH244,GND,Multi Layer,84.55,48.3,,,,0.6,0.3
VIA,STITCH245,GND,Multi Layer,23.3,50.8,,,,0.6,0.3
VIA,STITCH246,GND,Multi Layer,25.8,50.8,,,,0.6,0.3
VIA,STITCH247,GND,Multi Layer,28.3,50.8,,,,0.6,0.3
VIA,STITCH248,GND,Multi Layer,30.8,50.8,,,,0.6,0.3
VIA,STITCH249,GND,Multi Layer,45.8,50.8,,,,0.6,0.3
VIA,STITCH250,GND,Multi Layer,58.3,50.8,,,,0.6,0.3
VIA,STITCH251,GND,Multi Layer,60.8,50.8,,,,0.6,0.3
VIA,STITCH252,GND,Multi Layer,63.3,50.8,,,,0.6,0.3
VIA,STITCH253,GND,Multi Layer,65.8,50.8,,,,0.6,0.3
VIA,STITCH254,GND,Multi Layer,70.8,50.8,,,,0.6,0.3
VIA,STITCH255,GND,Multi Layer,73.3,50.8,,,,0.6,0.3
VIA,STITCH256,GND,Multi Layer,75.8,50.8,,,,0.6,0.3
VIA,STITCH257,GND,Multi Layer,78.3,50.8,,,,0.6,0.3
VIA,STITCH258,GND,Multi Layer,80.8,50.8,,,,0.6,0.3
VIA,STITCH259,GND,Multi Layer,83.3,50.8,,,,0.6,0.3
VIA,STITCH260,GND,Multi Layer,85.8,50.8,,,,0.6,0.3
VIA,STITCH261,GND,Multi Layer,88.3,50.8,,,,0.6,0.3
VIA,STITCH262,GND,Multi Layer,12.05,53.3,,,,0.6,0.3
VIA,STITCH263,GND,Multi Layer,14.55,53.3,,,,0.6,0.3
VIA,STITCH264,GND,Multi Layer,17.05,53.3,,,,0.6,0.3
VIA,STITCH265,GND,Multi Layer,27.05,53.3,,,,0.6,0.3
VIA,STITCH266,GND,Multi Layer,34.55,53.3,,,,0.6,0.3
VIA,STITCH267,GND,Multi Layer,39.55,53.3,,,,0.6,0.3
VIA,STITCH268,GND,Multi Layer,59.55,53.3,,,,0.6,0.3
VIA,STITCH269,GND,Multi Layer,62.05,53.3,,,,0.6,0.3
VIA,STITCH270,GND,Multi Layer,64.55,53.3,,,,0.6,0.3
VIA,STITCH271,GND,Multi Layer,67.05,53.3,,,,0.6,0.3
VIA,STITCH272,GND,Multi Layer,69.55,53.3,,,,0.6,0.3
VIA,STITCH273,GND,Multi Layer,72.05,53.3,,,,0.6,0.3
VIA,STITCH274,GND,Multi Layer,74.55,53.3,,,,0.6,0.3
VIA,STITCH275,GND,Multi Layer,77.05,53.3,,,,0.6,0.3
VIA,STITCH276,GND,Multi Layer,79.55,53.3,,,,0.6,0.3
VIA,STITCH277,GND,Multi Layer,82.05,53.3,,,,0.6,0.3
VIA,STITCH278,GND,Multi Layer,84.55,53.3,,,,0.6,0.3
VIA,STITCH279,GND,Multi Layer,87.05,53.3,,,,0.6,0.3
VIA,STITCH280,GND,Multi Layer,12.538,11.3,,,,0.6,0.3
VIA,STITCH281,GND,Multi Layer,11.3,15.287,,,,0.6,0.3
VIA,STITCH282,GND,Multi Layer,11.3,16.787,,,,0.6,0.3
VIA,STITCH283,GND,Multi Layer,11.3,21.287,,,,0.6,0.3
VIA,STITCH284,GND,Multi Layer,11.3,24.287,,,,0.6,0.3
VIA,STITCH285,GND,Multi Layer,11.3,25.787,,,,0.6,0.3
VIA,STITCH286,GND,Multi Layer,11.3,27.287,,,,0.6,0.3
VIA,STITCH287,GND,Multi Layer,11.3,30.287,,,,0.6,0.3
VIA,STITCH288,GND,Multi Layer,11.3,31.787,,,,0.6,0.3
VIA,STITCH289,GND,Multi Layer,11.3,36.287,,,,0.6,0.3
VIA,STITCH290,GND,Multi Layer,11.3,37.787,,,,0.6,0.3
VIA,STITCH291,GND,Multi Layer,11.3,39.287,,,,0.6,0.3
VIA,STITCH292,GND,Multi Layer,11.3,40.787,,,,0.6,0.3
VIA,STITCH293,GND,Multi Layer,11.3,43.787,,,,0.6,0.3
VIA,STITCH294,GND,Multi Layer,11.3,45.287,,,,0.6,0.3
VIA,STITCH295,GND,Multi Layer,11.3,46.787,,,,0.6,0.3
VIA,STITCH296,GND,Multi Layer,11.3,49.787,,,,0.6,0.3
VIA,STITCH297,GND,Multi Layer,29.112,53.7,,,,0.6,0.3
VIA,STITCH298,GND,Multi Layer,88.629,52.533,,,,0.6,0.3
VIA,STITCH299,GND,Multi Layer,88.7,49.562,,,,0.6,0.3
VIA,STITCH300,GND,Multi Layer,88.7,48.062,,,,0.6,0.3
VIA,STITCH301,GND,Multi Layer,88.7,43.562,,,,0.6,0.3
VIA,STITCH302,GND,Multi Layer,88.7,42.062,,,,0.6,0.3
VIA,STITCH303,GND,Multi Layer,88.7,39.062,,,,0.6,0.3
VIA,STITCH304,GND,Multi Layer,88.7,37.562,,,,0.6,0.3
VIA,STITCH305,GND,Multi Layer,88.7,34.562,,,,0.6,0.3
VIA,STITCH306,GND,Multi Layer,88.7,33.062,,,,0.6,0.3
VIA,STITCH307,GND,Multi Layer,88.7,28.562,,,,0.6,0.3
VIA,STITCH308,GND,Multi Layer,88.7,27.062,,,,0.6,0.3
VIA,STITCH309,GND,Multi Layer,88.7,24.062,,,,0.6,0.3
VIA,STITCH310,GND,Multi Layer,88.7,22.562,,,,0.6,0.3
VIA,STITCH311,GND,Multi Layer,88.7,19.562,,,,0.6,0.3
VIA,STITCH312,GND,Multi Layer,88.7,18.062,,,,0.6,0.3
VIA,STITCH313,GND,Multi Layer,88.7,13.562,,,,0.6,0.3
VIA,STITCH314,GND,Multi Layer,88.363,12.202,,,,0.6,0.3
VIA,STITCH315,GND,Multi Layer,87.237,11.3,,,,0.6,0.3
VIA,STITCH316,GND,Multi Layer,85.737,11.3,,,,0.6,0.3
VIA,STITCH317,GND,Multi Layer,84.237,11.3,,,,0.6,0.3
VIA,STITCH318,GND,Multi Layer,82.737,11.3,,,,0.6,0.3
VIA,STITCH319,GND,Multi Layer,81.237,11.3,,,,0.6,0.3
VIA,STITCH320,GND,Multi Layer,79.737,11.3,,,,0.6,0.3
VIA,STITCH321,GND,Multi Layer,69.237,11.3,,,,0.6,0.3
VIA,STITCH322,GND,Multi Layer,67.737,11.3,,,,0.6,0.3
VIA,STITCH323,GND,Multi Layer,66.237,11.3,,,,0.6,0.3
VIA,STITCH324,GND,Multi Layer,55.737,11.3,,,,0.6,0.3
VIA,STITCH325,GND,Multi Layer,54.237,11.3,,,,0.6,0.3
VIA,STITCH326,GND,Multi Layer,52.737,11.3,,,,0.6,0.3
VIA,STITCH327,GND,Multi Layer,43.737,11.3,,,,0.6,0.3
VIA,STITCH328,GND,Multi Layer,42.237,11.3,,,,0.6,0.3
VIA,STITCH329,GND,Multi Layer,40.737,11.3,,,,0.6,0.3
VIA,STITCH330,GND,Multi Layer,30.237,11.3,,,,0.6,0.3
VIA,STITCH331,GND,Multi Layer,28.737,11.3,,,,0.6,0.3
VIA,STITCH332,GND,Multi Layer,27.237,11.3,,,,0.6,0.3
VIA,STITCH333,GND,Multi Layer,16.737,11.3,,,,0.6,0.3
VIA,STITCH334,GND,Multi Layer,15.237,11.3,,,,0.6,0.3
VIA,STITCH335,GND,Multi Layer,43.291,42.461,,,,0.6,0.3
VIA,STITCH336,GND,Multi Layer,43.291,43.661,,,,0.6,0.3
VIA,STITCH337,GND,Multi Layer,43.291,47.261,,,,0.6,0.3
VIA,STITCH338,GND,Multi Layer,57.369,49.897,,,,0.6,0.3
VIA,STITCH339,GND,Multi Layer,46.806,41.261,,,,0.6,0.3
